מס' ספק,שם ספק,חשבונית,סטטוס,משפחה,מק'ט,מספר פנימי,תאור מוצר,תאור משפחה,תאור סוג ספק,שורה בחשבונית,מחיר ליחידה,הנחה (%),הנחה כללית (%),סטטוס קצב מכירות,מוצר משלים,מק'ט ספק/יצרן,סכום כולל מע'מ,תאריך,תאריך פרעון,סכום (שח),כמות ביח' מפעל,כמות,month,year,year_month,"סכום כולל מע""מ","מק""ט ספק/יצרן","מק""ט"
255042,LONGKOU,FYDSPO24000031,סופית,41,41020107LONGKOU,GI24000960,צ.ב קד ג'וק 10+/סנטרה קוטר 279,צלחות,"ספק חו""ל",30,8.08,0.00,0.00,255042,,,,2024-11-03,18/11/24,1641.0,54.0,54.0,11,2024,2024-11,51711.98,,
,,FYDSPO24000031,סופית,41,41020423LONGKOU,GI24000960,צ.ב אח A3 עד 03/גולף/אוקטביה/פביה קוטר 232,צלחות,"ספק חו""ל",7,4.31,0.00,0.00,VVV,,,,2024-11-03,18/11/24,2593.59,160.0,160.0,11,2024,2024-11,51711.98,,
,,FYDSPO24000031,סופית,41,41030269LONGKOU,GI24000960,צ.ב קד דימקס 4X4 +12 קוטר 300,צלחות,"ספק חו""ל",38,9.89,0.00,0.00,255042,,,,2024-11-03,18/11/24,2678.13,72.0,72.0,11,2024,2024-11,51711.98,,
,,FYDSPO24000031,סופית,41,41371080LONGKOU,GI24000960,צ.ב קד לנדקרוזר 10+ קוטר 338,צלחות,"ספק חו""ל",45,12.09,0.00,0.00,255042,,,,2024-11-03,18/11/24,3273.88,72.0,72.0,11,2024,2024-11,51711.98,,
,,FYDSPO24000031,סופית,41,41371527LONGKOU,GI24000960,צ.ב קד קורולה 03-07 קוטר 254,צלחות,"ספק חו""ל",46,5.94,0.00,0.00,255042,,,,2024-11-03,18/11/24,1429.78,64.0,64.0,11,2024,2024-11,51711.98,,
,,FYDSPO24000031,סופית,41,41371528LONGKOU,GI24000960,צ.ב קד קורולה 19+ קוטר 282,צלחות,"ספק חו""ל",33,7.67,0.00,0.00,,,,,2024-11-03,18/11/24,8307.9,288.0,288.0,11,2024,2024-11,51711.98,,
,,FYDSPO24000031,סופית,41,41371530LONGKOU,GI24000960,צ.ב אח קורולה 19+ קוטר 274,צלחות,"ספק חו""ל",23,5.80,0.00,0.00,,,,,2024-11-03,18/11/24,1570.59,72.0,72.0,11,2024,2024-11,51711.98,,
,,FYDSPO24000031,סופית,41,41371531LONGKOU,GI24000960,צ.ב קד קורולה 08+ קוטר 275,צלחות,"ספק חו""ל",25,6.59,0.00,0.00,VVV,,,,2024-11-03,18/11/24,7138.08,288.0,288.0,11,2024,2024-11,51711.98,,
,,FYDSPO24000031,סופית,41,41371537LONGKOU,GI24000960,צ.ב קד קורולה 13+/אוריס 14+ קוטר 277,צלחות,"ספק חו""ל",27,7.74,0.00,0.00,255042,,,,2024-11-03,18/11/24,5589.15,192.0,192.0,11,2024,2024-11,51711.98,,
,,FYDSPO24000031,סופית,41,41371641LONGKOU,GI24000960,צ.ב אח קורולה 13+/אוריס 08+ קוטר 270,צלחות,"ספק חו""ל",2,5.32,0.00,0.00,255042,,,,2024-11-03,18/11/24,4802.04,240.0,240.0,11,2024,2024-11,51711.98,,
,,FYDSPO24000031,סופית,41,41390371LONGKOU,GI24000960,צ.ב קד 14 I10+ קוטר 252,צלחות,"ספק חו""ל",11,5.90,0.00,0.00,255042,,,,2024-11-03,18/11/24,2130.23,96.0,96.0,11,2024,2024-11,51711.98,,
,,FYDSPO24000031,סופית,41,41390381LONGKOU,GI24000960,צ.ב קד 08-13 I10/פיקנטו 11+ קוטר 241,צלחות,"ספק חו""ל",8,4.85,0.00,0.00,255042,,,,2024-11-03,18/11/24,1751.12,96.0,96.0,11,2024,2024-11,51711.98,,
,,FYDSPO24000031,סופית,41,41390687LONGKOU,GI24000960,צ.ב אח I25/+14 I20/ריו 12+ קוטר 260,צלחות,"ספק חו""ל",16,5.57,0.00,0.00,255042,,,,2024-11-03,18/11/24,1508.31,72.0,72.0,11,2024,2024-11,51711.98,,
,,FYDSPO24000031,סופית,41,41390791LONGKOU,GI24000960,צ.ב קד 12 I30/I35+/וולוסטר/פורטה 13+/סיד 13+ קוטר 280,צלחות,"ספק חו""ל",29,7.37,0.00,0.00,255042,,,,2024-11-03,18/11/24,5987.21,216.0,216.0,11,2024,2024-11,51711.98,,
,,FYDSPO24000031,סופית,41,41391319LONGKOU,GI24000960,צ.ב קד אקסנט 08 I20/+07+/ריו 05-10 קוטר 256,צלחות,"ספק חו""ל",13,5.83,0.00,0.00,255042,,,,2024-11-03,18/11/24,2104.96,96.0,96.0,11,2024,2024-11,51711.98,,
,,FYDSPO24000031,סופית,41,41391714LONGKOU,GI24000960,צ.ב אח טוסון 15+/ספורטאג' 15+ קוטר 302,צלחות,"ספק חו""ל",39,7.24,0.00,0.00,,,,,2024-11-03,18/11/24,5881.6,216.0,216.0,11,2024,2024-11,51711.98,,
,,FYDSPO24000031,סופית,41,41391743LONGKOU,GI24000960,צ.ב קד טוסון 15+/ספורטאז 15+/סונטה 18 I30/+15+/קונה/סיד 19+,צלחות,"ספק חו""ל",41,8.66,0.00,0.00,VVV,,,,2024-11-03,18/11/24,10552.76,324.0,324.0,11,2024,2024-11,51711.98,,
,,FYDSPO24000031,סופית,41,41392526LONGKOU,GI24000960,צ.ב קד איוניק 16+/נירו 17+ קוטר 280,צלחות,"ספק חו""ל",31,7.33,0.00,0.00,VVV,,,,2024-11-03,18/11/24,2977.36,108.0,108.0,11,2024,2024-11,51711.98,,
,,FYDSPO24000031,סופית,41,41451217LONGKOU,GI24000960,צ.ב קד מזדה 2 עד 14 קוטר 257,צלחות,"ספק חו""ל",14,6.84,0.00,0.00,255042,,,,2024-11-03,18/11/24,2469.62,96.0,96.0,11,2024,2024-11,51711.98,,
,,FYDSPO24000031,סופית,41,41451555LONGKOU,GI24000960,צ.ב קד מזדה 6 08-12 קוטר 298,צלחות,"ספק חו""ל",37,9.31,0.00,0.00,255042,,,,2024-11-03,18/11/24,2521.07,72.0,72.0,11,2024,2024-11,51711.98,,
,,FYDSPO24000031,סופית,41,41490653LONGKOU,GI24000960,צ.ב קד אאוטלנדר קוטר 293,צלחות,"ספק חו""ל",36,8.92,0.00,0.00,VVV,,,,2024-11-03,18/11/24,3623.2,108.0,108.0,11,2024,2024-11,51711.98,,
,,FYDSPO24000031,סופית,41,41491501ORG,GI24000960,צ.ב קד ספייס סטאר 13+/אטראג' 14+ קוטר 251,צלחות,"ספק חו""ל",3,5.05,0.00,0.00,VVV,,,,2024-11-03,18/11/24,6381.66,336.0,336.0,11,2024,2024-11,51711.98,,
,,FYDSPO24000031,סופית,41,41491501ORG,GI24000960,צ.ב קד ספייס סטאר 13+/אטראג' 14+ קוטר 251,צלחות,"ספק חו""ל",9,5.05,0.00,0.00,VVV,,,,2024-11-03,18/11/24,4862.22,256.0,256.0,11,2024,2024-11,51711.98,,
,,FYDSPO24000031,סופית,41,41551355LONGKOU,GI24000960,צ.ב קד אקו מיקרה 11+ קוטר 259,צלחות,"ספק חו""ל",15,6.21,0.00,0.00,255042,,,,2024-11-03,18/11/24,2802.7,120.0,120.0,11,2024,2024-11,51711.98,,
,,FYDSPO24000031,סופית,41,41551998LONGKOU,GI24000960,צ.ב קד קשקאי 08+/קולאוס 09+ קוטר 320,צלחות,"ספק חו""ל",5,11.09,0.00,0.00,255042,,,,2024-11-03,18/11/24,1501.54,36.0,36.0,11,2024,2024-11,51711.98,,
,,FYDSPO24000031,סופית,41,41580109LONGKOU,GI24000960,צ.ב קד פביה עד 16/ אוקטביה 98-04 בנזין/גולף קוטר 256,צלחות,"ספק חו""ל",17,5.75,0.00,0.00,255042,,,,2024-11-03,18/11/24,2595.09,120.0,120.0,11,2024,2024-11,51711.98,,
,,FYDSPO24000031,סופית,41,41581106LONGKOU,GI24000960,צ.ב קד קודיאק 16+ קוטר 314,צלחות,"ספק חו""ל",4,11.06,0.00,0.00,,,,,2024-11-03,18/11/24,2246.22,54.0,54.0,11,2024,2024-11,51711.98,,
,,FYDSPO24000031,סופית,41,41581212LONGKOU,GI24000960,צ.ב אח קארוק 18+ 1.5 קוטר 272,צלחות,"ספק חו""ל",21,5.98,0.00,0.00,,,,,2024-11-03,18/11/24,1619.34,72.0,72.0,11,2024,2024-11,51711.98,,
,,FYDSPO24000031,סופית,41,41641212LONGKOU,GI24000960,צ.ב קד ברלינגו C4/+17 5008/+17 3008/+19 פיקסו 14+ קוטר 304,צלחות,"ספק חו""ל",40,10.19,0.00,0.00,VVV,,,,2024-11-03,18/11/24,16556.22,432.0,432.0,11,2024,2024-11,51711.98,,
,,FYDSPO24000031,סופית,41,41641213LONGKOU,GI24000960,צ.ב אח ברלינגו מC4/+17 3008/+14 308/19 פיקאסו 14+ קוטר 268,צלחות,"ספק חו""ל",20,6.28,0.00,0.00,,,,,2024-11-03,18/11/24,1133.72,48.0,48.0,11,2024,2024-11,51711.98,,
,,FYDSPO24000031,סופית,41,41641219LONGKOU,GI24000960,צ.ב קד ברלינגו 02-08/פרטנר 1.8 C5/02-08 קוטר 265,צלחות,"ספק חו""ל",18,5.73,0.00,0.00,255042,,,,2024-11-03,18/11/24,2068.85,96.0,96.0,11,2024,2024-11,51711.98,,
,,FYDSPO24000031,סופית,41,41641221LONGKOU,GI24000960,צ.ב קד ברלינגו 08+/פרטנר 308/+08 07+ קוטר 283,צלחות,"ספק חו""ל",34,7.59,0.00,0.00,VVV,,,,2024-11-03,18/11/24,3082.97,108.0,108.0,11,2024,2024-11,51711.98,,
,,FYDSPO24000031,סופית,41,41680406LONGKOU,GI24000960,צ.ב קד איגניס 17+ קוטר 231,צלחות,"ספק חו""ל",43,4.70,0.00,0.00,,,,,2024-11-03,18/11/24,1131.31,64.0,64.0,11,2024,2024-11,51711.98,,
,,FYDSPO24000031,סופית,41,41680612LONGKOU,GI24000960,צ.ב קד בלנו 16+/סוויפט 19+ קוטר 252,צלחות,"ספק חו""ל",10,5.48,0.00,0.00,,,,,2024-11-03,18/11/24,1978.59,96.0,96.0,11,2024,2024-11,51711.98,,
,,FYDSPO24000031,סופית,41,41681600LONGKOU,GI24000960,צ.ב קד קרוסאובר/ויטרה 11 SX4/1.6 +15+ קוטר 280,צלחות,"ספק חו""ל",1,6.39,0.00,0.00,VVV,,,,2024-11-03,18/11/24,6921.44,288.0,288.0,11,2024,2024-11,51711.98,,
,,FYDSPO24000031,סופית,41,41681600LONGKOU,GI24000960,צ.ב קד קרוסאובר/ויטרה 11 SX4/1.6 +15+ קוטר 280,צלחות,"ספק חו""ל",32,6.39,0.00,0.00,VVV,,,,2024-11-03,18/11/24,8075.02,336.0,336.0,11,2024,2024-11,51711.98,,
,,FYDSPO24000031,סופית,41,41780303LONGKOU,GI24000960,צ.ב קד T5 קוטר 308,צלחות,"ספק חו""ל",35,12.42,0.00,0.00,255042,,,,2024-11-03,18/11/24,2522.43,54.0,54.0,11,2024,2024-11,51711.98,,
,,FYDSPO24000031,סופית,41,41781337LONGKOU,GI24000960,צ.ב קד פאסאט 06+/טיגואן/קאדי 04+/סופרב 09+ קוטר 312,צלחות,"ספק חו""ל",42,8.94,0.00,0.00,VVV,,,,2024-11-03,18/11/24,3631.32,108.0,108.0,11,2024,2024-11,51711.98,,
,,FYDSPO24000031,סופית,41,41781414LONGKOU,GI24000960,צ.ב קד ארונה/פולו 1.0 17+/איביזה 1.0 17+/סקאלה/קוטר 276,צלחות,"ספק חו""ל",26,7.61,0.00,0.00,VVV,,,,2024-11-03,18/11/24,5495.27,192.0,192.0,11,2024,2024-11,51711.98,,
,,FYDSPO24000031,סופית,41,41821279LONGKOU,GI24000960,צ.ב קד פוקוס 04 S40/+06 1.8 + 1.6+ קוטר 278,צלחות,"ספק חו""ל",24,7.77,0.00,0.00,VVV,,,,2024-11-03,18/11/24,3506.76,120.0,120.0,11,2024,2024-11,51711.98,,
,,FYDSPO24000031,סופית,41,41901306LONGKOU,GI24000960,צ.ב קד פיקנטו 17+ קוטר 255,צלחות,"ספק חו""ל",12,6.20,0.00,0.00,,,,,2024-11-03,18/11/24,5036.73,216.0,216.0,11,2024,2024-11,51711.98,,
,,FYDSPO24000031,סופית,41,41901967LONGKOU,GI24000960,"צ.ב קד ריו 1.4 בנזין מI20 12 1.0 מ19 280 מ""מ קיה סטוניק מ17",צלחות,"ספק חו""ל",22,7.00,0.00,0.00,255042,,,,2024-11-03,18/11/24,3159.24,120.0,120.0,11,2024,2024-11,51711.98,,
,,FYDSPO24000031,סופית,41,41941408LONGKOU,GI24000960,צ.ב אח מגאן 16+ קוטר 260 עם מיסב,צלחות,"ספק חו""ל",6,17.28,0.00,0.00,VVV,,,,2024-11-03,18/11/24,7798.81,120.0,120.0,11,2024,2024-11,51711.98,,
,,FYDSPO24000031,סופית,41,41941408LONGKOU,GI24000960,צ.ב אח מגאן 16+ קוטר 260 עם מיסב,צלחות,"ספק חו""ל",19,17.28,0.00,0.00,VVV,,,,2024-11-03,18/11/24,6239.05,96.0,96.0,11,2024,2024-11,51711.98,,
,,FYDSPO24000031,סופית,41,41941417LONGKOU,GI24000960,צ.ב קד מגאן 09+/פלואנס/דסטר/דוקר/מגאן 16+ קוטר 280,צלחות,"ספק חו""ל",28,7.35,0.00,0.00,VVV,,,,2024-11-03,18/11/24,8956.45,324.0,324.0,11,2024,2024-11,51711.98,,
,,FYDSPO24000031,סופית,41,41962275LONGKOU,GI24000960,צ.ב קד סוואנה 06+/סילברדו 01-10/האמר H2 קוטר 325,צלחות,"ספק חו""ל",44,13.75,0.00,0.00,255042,,,,2024-11-03,18/11/24,4654.24,90.0,90.0,11,2024,2024-11,51711.98,,
255047,GSP,GSPFF7399-1,סופית,47,47021212GSP,GI24000910,קארדן Q7/קאיין/אמארוק/טוארג,פעמונים,"ספק חו""ל",29,11.50,0.00,0.00,,,,,2024-10-14,14/10/24,1301.34,30.0,30.0,10,2024,2024-10,61848.44,,
,,GSPFF7399-1,סופית,50,50141568GSP,GI24000910,תושבת מנוע תח' X1/X2/סדרה 1/2/ מיני קופר מ16,תושבות מנוע,"ספק חו""ל",16,11.43,0.00,0.00,,,,,2024-10-14,14/10/24,431.14,10.0,10.0,10,2024,2024-10,61848.44,,
,,GSPFF7399-1,סופית,50,50141774GSP,GI24000910,תושבת מנוע ימין סדרה 17 X2/+15 X1/+15 2+/מיני קופר,תושבות מנוע,"ספק חו""ל",17,23.62,0.00,0.00,,,,,2024-10-14,14/10/24,890.95,10.0,10.0,10,2024,2024-10,61848.44,,
,,GSPFF7399-1,סופית,50,50371668GSP,GI24000910,תושבת אח קאמרי מRX350/07,תושבות מנוע,"ספק חו""ל",35,9.27,0.00,0.00,,,,,2024-10-14,14/10/24,349.66,10.0,10.0,10,2024,2024-10,61848.44,,
,,GSPFF7399-1,סופית,50,50490339GSP,GI24000910,תושבת אח' אאוטלנדר מ07/לנסר מASX/08,תושבות מנוע,"ספק חו""ל",10,7.22,0.00,0.00,,,,,2024-10-14,14/10/24,544.68,20.0,20.0,10,2024,2024-10,61848.44,,
,,GSPFF7399-1,סופית,51,51451271GSP,GI24000910,כרית בולם מזדה 3 עד 12/מזדה 5 ללא מיסב,כריות בולם,"ספק חו""ל",5,3.60,0.00,0.00,,,,,2024-10-14,14/10/24,2715.84,200.0,200.0,10,2024,2024-10,61848.44,,
,,GSPFF7399-1,סופית,51,51551977GSP,GI24000910,כרית בולם קשקאי שמאל,כריות בולם,"ספק חו""ל",15,5.72,0.00,0.00,,,,,2024-10-14,14/10/24,647.28,30.0,30.0,10,2024,2024-10,61848.44,,
,,GSPFF7399-1,סופית,59,59260533GSP,GI24000910,בולם אח סיריון 06+/מטריה 07+,בולמים,"ספק חו""ל",24,7.78,0.00,0.00,,,,,2024-10-14,14/10/24,1467.31,50.0,50.0,10,2024,2024-10,61848.44,,
,,GSPFF7399-1,סופית,59,59372413GSP,GI24000910,בולם אח ורסו 09-18,בולמים,"ספק חו""ל",28,9.59,0.00,0.00,,,,,2024-10-14,14/10/24,1808.67,50.0,50.0,10,2024,2024-10,61848.44,,
,,GSPFF7399-1,סופית,59,59390414GSP,GI24000910,בולם קד ימין I20 עד 12,בולמים,"ספק חו""ל",33,18.63,0.00,0.00,,,,,2024-10-14,14/10/24,3443.35,49.0,49.0,10,2024,2024-10,61848.44,,
,,GSPFF7399-1,סופית,59,59390417GSP,GI24000910,בולם קד שמאל I20 עד 12,בולמים,"ספק חו""ל",22,18.63,0.00,0.00,,,,,2024-10-14,14/10/24,3443.35,49.0,49.0,10,2024,2024-10,61848.44,,
,,GSPFF7399-1,סופית,59,59390420GSP,GI24000910,בולם אח I20 עד 14,בולמים,"ספק חו""ל",20,6.71,0.00,0.00,,,,,2024-10-14,14/10/24,1265.51,50.0,50.0,10,2024,2024-10,61848.44,,
,,GSPFF7399-1,סופית,59,59390663GSP,GI24000910,בולם קד שמאל I30 עד 11,בולמים,"ספק חו""ל",9,15.97,0.00,0.00,,,,,2024-10-14,14/10/24,3011.94,50.0,50.0,10,2024,2024-10,61848.44,,
,,GSPFF7399-1,סופית,59,59390665GSP,GI24000910,בולם קד ימין I30 עד 11,בולמים,"ספק חו""ל",30,15.97,0.00,0.00,,,,,2024-10-14,14/10/24,3011.94,50.0,50.0,10,2024,2024-10,61848.44,,
,,GSPFF7399-1,סופית,59,59390667GSP,GI24000910,בולם אח I30 עד 11/סיד 07+,בולמים,"ספק חו""ל",3,9.85,0.00,0.00,,,,,2024-10-14,14/10/24,1857.71,50.0,50.0,10,2024,2024-10,61848.44,,
,,GSPFF7399-1,סופית,59,59390773GSP,GI24000910,בולם קד שמאל I35 עד 16,בולמים,"ספק חו""ל",6,15.31,0.00,0.00,,,,,2024-10-14,14/10/24,2887.47,50.0,50.0,10,2024,2024-10,61848.44,,
,,GSPFF7399-1,סופית,59,59390775GSP,GI24000910,בולם קד ימין I35 עד 16,בולמים,"ספק חו""ל",12,15.31,0.00,0.00,,,,,2024-10-14,14/10/24,2887.47,50.0,50.0,10,2024,2024-10,61848.44,,
,,GSPFF7399-1,סופית,59,59451285GSP,GI24000910,בולם אח מזדה 3 עד 08/מזדה 5,בולמים,"ספק חו""ל",34,8.22,0.00,0.00,,,,,2024-10-14,14/10/24,1550.29,50.0,50.0,10,2024,2024-10,61848.44,,
,,GSPFF7399-1,סופית,59,59490821GSP,GI24000910,בולם קד האנטר 07-15,בולמים,"ספק חו""ל",32,10.59,0.00,0.00,,,,,2024-10-14,14/10/24,1997.27,50.0,50.0,10,2024,2024-10,61848.44,,
,,GSPFF7399-1,סופית,59,59551202GSP,GI24000910,בולם קד שמאל מיקרה 11-19/נוט 15+/אלמרה 15-17,בולמים,"ספק חו""ל",21,11.99,0.00,0.00,,,,,2024-10-14,14/10/24,2261.31,50.0,50.0,10,2024,2024-10,61848.44,,
,,GSPFF7399-1,סופית,61,61030200GSP,GI24000910,הגה כח דימקס 4X4 +12,הגה כוח,"ספק חו""ל",11,101.72,0.00,0.00,,,,,2024-10-14,14/10/24,19184.39,50.0,50.0,10,2024,2024-10,61848.44,,
,,GSPFF7399-1,סופית,61,61030200GSP,GI24000910,הגה כח דימקס 4X4 +12,הגה כוח,"ספק חו""ל",26,101.72,0.00,0.00,,,,,2024-10-14,14/10/24,23021.27,60.0,60.0,10,2024,2024-10,61848.44,,
,,GSPFF7399-1,סופית,61,61030204GSP,GI24000910,הגה כח דימקס 4X4 עד 11,הגה כוח,"ספק חו""ל",13,95.80,0.00,0.00,,,,,2024-10-14,14/10/24,18067.88,50.0,50.0,10,2024,2024-10,61848.44,,
,,GSPFF7399-1,סופית,61,61370808GSP,GI24000910,הגה כח ויגו 15 4X4+,הגה כוח,"ספק חו""ל",18,99.72,0.00,0.00,,,,,2024-10-14,14/10/24,15045.75,40.0,40.0,10,2024,2024-10,61848.44,,
,,GSPFF7399-1,סופית,61,61480804GSP,GI24000910,הגה כח מרצדס ספרינטר 07-18/קראפטר 06-18,הגה כוח,"ספק חו""ל",23,147.70,0.00,0.00,,,,,2024-10-14,14/10/24,30084.72,54.0,54.0,10,2024,2024-10,61848.44,,
,,GSPFF7399-1,סופית,68,68240101GSP,GI24000910,הגה דאסטר 10-18,הגה מכני,"ספק חו""ל",37,109.50,0.00,0.00,,,,,2024-10-14,14/10/24,8260.68,20.0,20.0,10,2024,2024-10,61848.44,,
,,GSPFF7399-1,סופית,68,68391010GSP,GI24000910,הגה מכני 10 IX35+ פיניון עבה לפי שילדה,הגה מכני,"ספק חו""ל",19,40.99,0.00,0.00,,,,,2024-10-14,14/10/24,4638.43,30.0,30.0,10,2024,2024-10,61848.44,,
,,GSPFF7399-1,סופית,68,68451111GSP,GI24000910,הגה מכני מזדה 2 07-14,הגה מכני,"ספק חו""ל",2,45.29,0.00,0.00,,,,,2024-10-14,14/10/24,8541.69,50.0,50.0,10,2024,2024-10,61848.44,,
,,GSPFF7399-1,סופית,68,68551991GSP,GI24000910,הגה מכני קשקאי 14+/קדג'אר 16+,הגה מכני,"ספק חו""ל",27,57.99,0.00,0.00,,,,,2024-10-14,14/10/24,21873.83,100.0,100.0,10,2024,2024-10,61848.44,,
,,GSPFF7399-1,סופית,68,68580505GSP,GI24000910,הגה מכני פביה 21+/קאמיק/סקאלה/פולו מ-T-CROSS 17/ארונה,הגה מכני,"ספק חו""ל",36,62.41,0.00,0.00,,,,,2024-10-14,14/10/24,7062.32,30.0,30.0,10,2024,2024-10,61848.44,,
,,GSPFF7399-1,סופית,68,68681313GSP,GI24000910,הגה מכני סוויפט 11+,הגה מכני,"ספק חו""ל",1,57.01,0.00,0.00,,,,,2024-10-14,14/10/24,10752.09,50.0,50.0,10,2024,2024-10,61848.44,,
,,GSPFF7399-1,סופית,68,68901313GSP,GI24000910,הגה מכני פיקנטו 17+,הגה מכני,"ספק חו""ל",14,46.73,0.00,0.00,,,,,2024-10-14,14/10/24,14101.24,80.0,80.0,10,2024,2024-10,61848.44,,
,,GSPFF7399-1,סופית,68,68901919GSP,GI24000910,הגה מכני נירו 16+/איוניק 16+,הגה מכני,"ספק חו""ל",4,59.04,0.00,0.00,,,,,2024-10-14,14/10/24,6680.97,30.0,30.0,10,2024,2024-10,61848.44,,
,,GSPFF7399-1,סופית,71,71030163GSP,GI24000910,משולש על ימין איפון 4X4,משולשים,"ספק חו""ל",8,15.21,0.00,0.00,,,,,2024-10-14,14/10/24,1721.16,30.0,30.0,10,2024,2024-10,61848.44,,
,,GSPFF7399-1,סופית,71,71030171GSP,GI24000910,משולש על שמאל איפון 4X4,משולשים,"ספק חו""ל",25,15.21,0.00,0.00,,,,,2024-10-14,14/10/24,1721.16,30.0,30.0,10,2024,2024-10,61848.44,,
,,GSPFF7399-1,סופית,75,75030101GSP,GI24000910,ז.עזר איפון/טרופר/אופל פרונטרה 4X4 4X2,זרוע עזר,"ספק חו""ל",7,6.85,0.00,0.00,,,,,2024-10-14,14/10/24,2583.82,100.0,100.0,10,2024,2024-10,61848.44,,
,,GSPFF7399-1,סופית,90,90942020GSP,GI24000910,מיכל עיבוי קפצ'ור/קליאו 12+/לוגאן 14+,מיכלי עיבוי,"ספק חו""ל",31,5.77,0.00,0.00,,,,,2024-10-14,14/10/24,2176.44,100.0,100.0,10,2024,2024-10,61848.44,,
,,GSPFF7911,סופית,46,46040320GSP,GI24000996,ציריה שמאל אסטרה 12+ 1.6,ציריות,"ספק חו""ל",26,33.38,0.00,3.00,,,,,2024-10-29,13/11/24,1225.55,10.0,10.0,10,2024,2024-10,107583.83,,
,,GSPFF7911,סופית,46,46041405GSP,GI24000996,ציריה שמאל מוקה 13+/טרקס 13+,ציריות,"ספק חו""ל",16,33.09,0.00,3.00,,,,,2024-10-29,13/11/24,728.92,6.0,6.0,10,2024,2024-10,107583.83,,
,,GSPFF7911,סופית,46,46140216GSP,GI24000996,ציריה שמאל ב.מ.וו 12-16 X5,ציריות,"ספק חו""ל",31,42.90,0.00,3.00,255047,,,,2024-10-29,13/11/24,4725.16,30.0,30.0,10,2024,2024-10,107583.83,,
,,GSPFF7911,סופית,46,46200101GSP,GI24000996,ציריה ימין גרנד שירוקי 13+,ציריות,"ספק חו""ל",85,43.88,0.00,3.00,,,,,2024-10-29,13/11/24,966.61,6.0,6.0,10,2024,2024-10,107583.83,,
,,GSPFF7911,סופית,46,46200102GSP,GI24000996,ציריה שמאל גרנד שירוקי 13+,ציריות,"ספק חו""ל",11,36.77,0.00,3.00,,,,,2024-10-29,13/11/24,809.99,6.0,6.0,10,2024,2024-10,107583.83,,
,,GSPFF7911,סופית,46,46200145GSP,GI24000996,ציריה שמאל גרנד שירוקי 05-10,ציריות,"ספק חו""ל",21,33.30,0.00,3.00,,,,,2024-10-29,13/11/24,2445.19,20.0,20.0,10,2024,2024-10,107583.83,,
,,GSPFF7911,סופית,46,46220101GSP,GI24000996,ציריה ימין ריינג' רובר איווק 15+,ציריות,"ספק חו""ל",34,48.54,0.00,3.00,,,,,2024-10-29,13/11/24,1069.26,6.0,6.0,10,2024,2024-10,107583.83,,
,,GSPFF7911,סופית,46,46240313GSP,GI24000996,ציריה ימין סנדרו 1.5 11+/לוגן 1.5 9.0 11+,ציריות,"ספק חו""ל",57,35.62,0.00,3.00,255047,,,,2024-10-29,13/11/24,1307.76,10.0,10.0,10,2024,2024-10,107583.83,,
,,GSPFF7911,סופית,46,46310992GSP,GI24000996,ציריה ימין סיוויק מ13 1.8 5דלתות בריטניה,ציריות,"ספק חו""ל",96,25.60,0.00,3.00,,,,,2024-10-29,13/11/24,1879.78,20.0,20.0,10,2024,2024-10,107583.83,,
,,GSPFF7911,סופית,46,46310994GSP,GI24000996,ציריה שמאל סיוויק מ13 1.8 5 דלתות בריטניה,ציריות,"ספק חו""ל",99,25.43,0.00,3.00,,,,,2024-10-29,13/11/24,1867.29,20.0,20.0,10,2024,2024-10,107583.83,,
,,GSPFF7911,סופית,46,46370310GSP,GI24000996,ציריה ימין אבנסיס 15-18,ציריות,"ספק חו""ל",39,40.17,0.00,3.00,255047,,,,2024-10-29,13/11/24,1474.83,10.0,10.0,10,2024,2024-10,107583.83,,
,,GSPFF7911,סופית,46,46370370GSP,GI24000996,ציריה שמאל אבנסיס 09+,ציריות,"ספק חו""ל",9,27.55,0.00,3.00,255047,,,,2024-10-29,13/11/24,1011.5,10.0,10.0,10,2024,2024-10,107583.83,,
,,GSPFF7911,סופית,46,46370785GSP,GI24000996,ציריה היילוקס 96-05 4X4,ציריות,"ספק חו""ל",68,40.06,0.00,3.00,255047,,,,2024-10-29,13/11/24,2941.55,20.0,20.0,10,2024,2024-10,107583.83,,
,,GSPFF7911,סופית,46,46370800GSP,GI24000996,ציריה ויגו 15+,ציריות,"ספק חו""ל",79,36.65,0.00,3.00,255047,,,,2024-10-29,13/11/24,6727.95,50.0,50.0,10,2024,2024-10,107583.83,,
,,GSPFF7911,סופית,46,46370887GSP,GI24000996,ציריה ויגו 06-14,ציריות,"ספק חו""ל",87,38.63,0.00,3.00,255047,,,,2024-10-29,13/11/24,7091.42,50.0,50.0,10,2024,2024-10,107583.83,,
,,GSPFF7911,סופית,46,46370909GSP,GI24000996,ציריה שמאל יאריס 1.5 19+,ציריות,"ספק חו""ל",32,26.31,0.00,3.00,,,,,2024-10-29,13/11/24,579.56,6.0,6.0,10,2024,2024-10,107583.83,,
,,GSPFF7911,סופית,46,46370915GSP,GI24000996,ציריה ימין יאריס 1.5 19+,ציריות,"ספק חו""ל",2,28.72,0.00,3.00,,,,,2024-10-29,13/11/24,632.66,6.0,6.0,10,2024,2024-10,107583.83,,
,,GSPFF7911,סופית,46,46371506GSP,GI24000996,ציריה ימין קורולה 08-12 אוטומט,ציריות,"ספק חו""ל",100,34.92,0.00,3.00,255047,,,,2024-10-29,13/11/24,12820.63,100.0,100.0,10,2024,2024-10,107583.83,,
,,GSPFF7911,סופית,46,46371507GSP,GI24000996,ציריה שמאל קורולה 08-12 אוטומט,ציריות,"ספק חו""ל",41,27.47,0.00,3.00,255047,,,,2024-10-29,13/11/24,10085.47,100.0,100.0,10,2024,2024-10,107583.83,,
,,GSPFF7911,סופית,46,46371543GSP,GI24000996,ציריה ימין קורולה 19+ נפח 1.8,ציריות,"ספק חו""ל",75,34.50,0.00,3.00,,,,,2024-10-29,13/11/24,12666.5,100.0,100.0,10,2024,2024-10,107583.83,,
,,GSPFF7911,סופית,46,46371544GSP,GI24000996,ציריה שמאל קורולה 19+ נפח 1.8,ציריות,"ספק חו""ל",62,26.20,0.00,3.00,,,,,2024-10-29,13/11/24,9619.2,100.0,100.0,10,2024,2024-10,107583.83,,
,,GSPFF7911,סופית,46,46371579GSP,GI24000996,ציריה שמאל קורולה קרוס מ19 נפח 2.0,ציריות,"ספק חו""ל",74,28.17,0.00,3.00,,,,,2024-10-29,13/11/24,1034.25,10.0,10.0,10,2024,2024-10,107583.83,,
,,GSPFF7911,סופית,46,46371582GSP,GI24000996,ציריה ימין קורולה קרוס מ19 נפח 2.0,ציריות,"ספק חו""ל",3,34.59,0.00,3.00,,,,,2024-10-29,13/11/24,1269.94,10.0,10.0,10,2024,2024-10,107583.83,,
,,GSPFF7911,סופית,46,46371625GSP,GI24000996,ציריה שמאל קמרי 07+ 2.4 אוטומט עם רשיון,ציריות,"ספק חו""ל",48,32.62,0.00,3.00,,,,,2024-10-29,13/11/24,1197.61,10.0,10.0,10,2024,2024-10,107583.83,,
,,GSPFF7911,סופית,46,46390512GSP,GI24000996,ציריה ימין 11-13 I25,ציריות,"ספק חו""ל",72,29.15,0.00,3.00,255047,,,,2024-10-29,13/11/24,642.13,6.0,6.0,10,2024,2024-10,107583.83,,
,,GSPFF7911,סופית,46,46390513GSP,GI24000996,ציריה שמאל 11-13 I25,ציריות,"ספק חו""ל",94,26.50,0.00,3.00,255047,,,,2024-10-29,13/11/24,583.76,6.0,6.0,10,2024,2024-10,107583.83,,
,,GSPFF7911,סופית,46,46390620GSP,GI24000996,ציריה ימין I30 בנזין עד 11/סיד עד 12/פורטה עד 12,ציריות,"ספק חו""ל",36,28.40,0.00,3.00,255047,,,,2024-10-29,13/11/24,3128.08,30.0,30.0,10,2024,2024-10,107583.83,,
,,GSPFF7911,סופית,46,46390621GSP,GI24000996,ציריה שמאל I30 בנזין עד 11/סיד עד 12/פורטה עד 12,ציריות,"ספק חו""ל",17,25.98,0.00,3.00,255047,,,,2024-10-29,13/11/24,2861.54,30.0,30.0,10,2024,2024-10,107583.83,,
,,GSPFF7911,סופית,46,46391344GSP,GI24000996,ציריה ימין אקסנט 07-11/ריו 06-11,ציריות,"ספק חו""ל",63,30.80,0.00,3.00,255047,,,,2024-10-29,13/11/24,1130.81,10.0,10.0,10,2024,2024-10,107583.83,,
,,GSPFF7911,סופית,46,46391356GSP,GI24000996,ציריה שמאל אקסנט מ18 נפח I20/1.4 מ15 1.4,ציריות,"ספק חו""ל",13,24.73,0.00,3.00,,,,,2024-10-29,13/11/24,544.78,6.0,6.0,10,2024,2024-10,107583.83,,
,,GSPFF7911,סופית,46,46391379GSP,GI24000996,ציריה ימין אקסנט מ18 נפח I20/1.4 מ15 1.4,ציריות,"ספק חו""ל",95,27.56,0.00,3.00,,,,,2024-10-29,13/11/24,607.11,6.0,6.0,10,2024,2024-10,107583.83,,
,,GSPFF7911,סופית,46,46391453GSP,GI24000996,ציריה שמאל גטס גיר רגיל,ציריות,"ספק חו""ל",23,27.67,0.00,3.00,255047,,,,2024-10-29,13/11/24,203.18,2.0,2.0,10,2024,2024-10,107583.83,,
,,GSPFF7911,סופית,46,46391756GSP,GI24000996,ציריה ימין טוסון בנזין + דיזל עד 10/ספורטאג עד 10,ציריות,"ספק חו""ל",82,29.67,0.00,3.00,255047,,,,2024-10-29,13/11/24,217.86,2.0,2.0,10,2024,2024-10,107583.83,,
,,GSPFF7911,סופית,46,46391757GSP,GI24000996,ציריה שמאל טוסון עד 10 בנזין/ספורטאג עד 10,ציריות,"ספק חו""ל",97,30.74,0.00,3.00,255047,,,,2024-10-29,13/11/24,677.17,6.0,6.0,10,2024,2024-10,107583.83,,
,,GSPFF7911,סופית,46,46391760GSP,GI24000996,ציריה שמאל טוסון 2.0 05-10,ציריות,"ספק חו""ל",65,33.87,0.00,3.00,255047,,,,2024-10-29,13/11/24,746.1,6.0,6.0,10,2024,2024-10,107583.83,,
,,GSPFF7911,סופית,46,46395803GSP,GI24000996,ציריה שמאל קונה נפח 1.6 18+,ציריות,"ספק חו""ל",42,31.51,0.00,3.00,,,,,2024-10-29,13/11/24,694.13,6.0,6.0,10,2024,2024-10,107583.83,,
,,GSPFF7911,סופית,46,46450116GSP,GI24000996,ציריה שמאל מזדה 2.0 11-17 CX5,ציריות,"ספק חו""ל",51,39.03,0.00,3.00,,,,,2024-10-29,13/11/24,859.76,6.0,6.0,10,2024,2024-10,107583.83,,
,,GSPFF7911,סופית,46,46451209GSP,GI24000996,"ציריה ימין מזדה 3 1.6+2.0 06-08 אורך 56 ס""מ",ציריות,"ספק חו""ל",43,27.29,0.00,3.00,255047,,,,2024-10-29,13/11/24,10019.39,100.0,100.0,10,2024,2024-10,107583.83,,
,,GSPFF7911,סופית,46,46451212GSP,GI24000996,ציריה שמאל מזדה 3 1.6 06-12/מזדה 3 2.0 עד 08 אום,ציריות,"ספק חו""ל",46,27.51,0.00,3.00,,,,,2024-10-29,13/11/24,10100.16,100.0,100.0,10,2024,2024-10,107583.83,,
,,GSPFF7911,סופית,46,46451213GSP,GI24000996,"ציריה ימין מזדה 3 1.6 09-12 אורך 62 ס""מ אום",ציריות,"ספק חו""ל",83,28.71,0.00,3.00,255047,,,,2024-10-29,13/11/24,10540.73,100.0,100.0,10,2024,2024-10,107583.83,,
,,GSPFF7911,סופית,46,46451227GSP,GI24000996,ציריה שמאל מזדה 3 13+ 2.0,ציריות,"ספק חו""ל",29,34.40,0.00,3.00,255047,,,,2024-10-29,13/11/24,1894.47,15.0,15.0,10,2024,2024-10,107583.83,,
,,GSPFF7911,סופית,46,46451233GSP,GI24000996,ציריה ימין מזדה 3 16+ 1.5 ציר 27,ציריות,"ספק חו""ל",37,39.00,0.00,3.00,,,,,2024-10-29,13/11/24,14318.66,100.0,100.0,10,2024,2024-10,107583.83,,
,,GSPFF7911,סופית,46,46451287GSP,GI24000996,ציריה שמאל מזדה 3 16+ 1.5 ציר 27,ציריות,"ספק חו""ל",38,30.15,0.00,3.00,,,,,2024-10-29,13/11/24,11069.42,100.0,100.0,10,2024,2024-10,107583.83,,
,,GSPFF7911,סופית,46,46451416GSP,GI24000996,ציריה ימין מזדה 5 עד 13/מזדה 3 2.0 09-12,ציריות,"ספק חו""ל",50,25.41,0.00,3.00,255047,,,,2024-10-29,13/11/24,9329.15,100.0,100.0,10,2024,2024-10,107583.83,,
,,GSPFF7911,סופית,46,46451527GSP,GI24000996,ציריה ימין מזדה CX5/+13 2.0 6 נפח 2.0 12+,ציריות,"ספק חו""ל",89,45.05,0.00,3.00,255047,,,,2024-10-29,13/11/24,1654.01,10.0,10.0,10,2024,2024-10,107583.83,,
,,GSPFF7911,סופית,46,46451545GSP,GI24000996,ציריה שמאל מזדה 18 CX5/+18 6+,ציריות,"ספק חו""ל",14,32.88,0.00,3.00,,,,,2024-10-29,13/11/24,724.3,6.0,6.0,10,2024,2024-10,107583.83,,
,,GSPFF7911,סופית,46,46451546GSP,GI24000996,ציריה ימין מזדה 18 CX5/+18 6+,ציריות,"ספק חו""ל",4,46.00,0.00,3.00,,,,,2024-10-29,13/11/24,1013.32,6.0,6.0,10,2024,2024-10,107583.83,,
,,GSPFF7911,סופית,46,46480888GSP,GI24000996,ציריה ימין ספרינטר מ19,ציריות,"ספק חו""ל",98,51.93,0.00,3.00,,,,,2024-10-29,13/11/24,9532.94,50.0,50.0,10,2024,2024-10,107583.83,,
,,GSPFF7911,סופית,46,46480889GSP,GI24000996,ציריה שמאל ספרינטר מ19,ציריות,"ספק חו""ל",10,41.94,0.00,3.00,,,,,2024-10-29,13/11/24,7699.03,50.0,50.0,10,2024,2024-10,107583.83,,
,,GSPFF7911,סופית,46,46490302GSP,GI24000996,ציריה שמאל אאוטלנדר 13+,ציריות,"ספק חו""ל",44,41.36,0.00,3.00,,,,,2024-10-29,13/11/24,1518.5,10.0,10.0,10,2024,2024-10,107583.83,,
,,GSPFF7911,סופית,46,46491535GSP,GI24000996,ציריה ימין ספייס סטאר 13+/אטראג' 14+,ציריות,"ספק חו""ל",52,24.90,0.00,3.00,255047,,,,2024-10-29,13/11/24,914.19,10.0,10.0,10,2024,2024-10,107583.83,,
,,GSPFF7911,סופית,46,46550463GSP,GI24000996,ציריה ימין ג'וק 4X2 אוטומט,ציריות,"ספק חו""ל",59,28.08,0.00,3.00,255047,,,,2024-10-29,13/11/24,1030.96,10.0,10.0,10,2024,2024-10,107583.83,,
,,GSPFF7911,סופית,46,46550464GSP,GI24000996,ציריה שמאל ג'וק 4X2 אוטומט,ציריות,"ספק חו""ל",77,27.86,0.00,3.00,255047,,,,2024-10-29,13/11/24,1022.86,10.0,10.0,10,2024,2024-10,107583.83,,
,,GSPFF7911,סופית,46,46551904GSP,GI24000996,ציריה ימין קשקאי דיזל 14+,ציריות,"ספק חו""ל",45,56.93,0.00,3.00,255047,,,,2024-10-29,13/11/24,4180.31,20.0,20.0,10,2024,2024-10,107583.83,,
,,GSPFF7911,סופית,46,46551905GSP,GI24000996,ציריה שמאל קשקאי דיזל 14+,ציריות,"ספק חו""ל",18,37.67,0.00,3.00,255047,,,,2024-10-29,13/11/24,2766.08,20.0,20.0,10,2024,2024-10,107583.83,,
,,GSPFF7911,סופית,46,46580188GSP,GI24000996,ציריה ימין אוקטביה מ20,ציריות,"ספק חו""ל",64,38.90,0.00,3.00,,,,,2024-10-29,13/11/24,4284.58,30.0,30.0,10,2024,2024-10,107583.83,,
,,GSPFF7911,סופית,46,46580898GSP,GI24000996,ציריה שמאל רומסטר בנזין אוטומט/פביה בנזין 07+ אוטומט,ציריות,"ספק חו""ל",71,29.15,0.00,3.00,255047,,,,2024-10-29,13/11/24,1070.25,10.0,10.0,10,2024,2024-10,107583.83,,
,,GSPFF7911,סופית,46,46610601GSP,GI24000996,ציריה שמאל סיאט מי 11+/סיטיגו 11+/אפ 11+,ציריות,"ספק חו""ל",61,29.97,0.00,3.00,255047,,,,2024-10-29,13/11/24,1100.34,10.0,10.0,10,2024,2024-10,107583.83,,
,,GSPFF7911,סופית,46,46640505GSP,GI24000996,ציריה ימין 16 C3+ פגו C4/+14 2008 קקטוס 14+,ציריות,"ספק חו""ל",91,29.32,0.00,3.00,,,,,2024-10-29,13/11/24,1076.45,10.0,10.0,10,2024,2024-10,107583.83,,
,,GSPFF7911,סופית,46,46641212GSP,GI24000996,ציריה ימין ברלינגו 19+ 1.5 גיר רגיל (לפי שילדה),ציריות,"ספק חו""ל",86,35.26,0.00,3.00,,,,,2024-10-29,13/11/24,7767.31,60.0,60.0,10,2024,2024-10,107583.83,,
,,GSPFF7911,סופית,46,46641213GSP,GI24000996,ציריה שמאל ברלינגו 19+ 1.5 אוטמט/פרואיס 19+/קומבו 19+,ציריות,"ספק חו""ל",1,26.57,0.00,3.00,,,,,2024-10-29,13/11/24,9755.04,100.0,100.0,10,2024,2024-10,107583.83,,
,,GSPFF7911,סופית,46,46641214GSP,GI24000996,ציריה ימין ברלינגו 19+ 1.5 אוטמט/פרואיס 19+/קומבו 19+,ציריות,"ספק חו""ל",28,31.84,0.00,3.00,,,,,2024-10-29,13/11/24,11689.9,100.0,100.0,10,2024,2024-10,107583.83,,
,,GSPFF7911,סופית,46,46641249GSP,GI24000996,ציריה שמאל ברלינגו 11 HDI 1.6+,ציריות,"ספק חו""ל",66,34.41,0.00,3.00,255047,,,,2024-10-29,13/11/24,6316.75,50.0,50.0,10,2024,2024-10,107583.83,,
,,GSPFF7911,סופית,46,46641250GSP,GI24000996,ציריה ימין ברלינגו 11 HDI 1.6+,ציריות,"ספק חו""ל",55,38.68,0.00,3.00,255047,,,,2024-10-29,13/11/24,7100.58,50.0,50.0,10,2024,2024-10,107583.83,,
,,GSPFF7911,סופית,46,46641257GSP,GI24000996,ציריה ימין ברלינגו 19+ 1.5 גיר רגיל,ציריות,"ספק חו""ל",84,37.32,0.00,3.00,,,,,2024-10-29,13/11/24,8221.1,60.0,60.0,10,2024,2024-10,107583.83,,
,,GSPFF7911,סופית,46,46641315GSP,GI24000996,ציריה שמאל ג'מפי 2.0 17+ דיזל אוטומט,ציריות,"ספק חו""ל",88,34.51,0.00,3.00,255047,,,,2024-10-29,13/11/24,1267.03,10.0,10.0,10,2024,2024-10,107583.83,,
,,GSPFF7911,סופית,46,46641339GSP,GI24000996,ציריה ימין ג'מפי מ16 נפח 2.0 גיר רגיל,ציריות,"ספק חו""ל",33,35.97,0.00,3.00,,,,,2024-10-29,13/11/24,792.39,6.0,6.0,10,2024,2024-10,107583.83,,
,,GSPFF7911,סופית,46,46641359GSP,GI24000996,ציריה שמאל ג'מפי מ16/ אופל ויוארו מ19/ פגו אקספרט מ16,ציריות,"ספק חו""ל",93,29.25,0.00,3.00,,,,,2024-10-29,13/11/24,3221.72,30.0,30.0,10,2024,2024-10,107583.83,,
,,GSPFF7911,סופית,46,46641374GSP,GI24000996,ציריה ימין ג'מפי מ16/ אופל ויוארו מ19/ פגו אקספרט מ16,ציריות,"ספק חו""ל",58,36.52,0.00,3.00,,,,,2024-10-29,13/11/24,4022.43,30.0,30.0,10,2024,2024-10,107583.83,,
,,GSPFF7911,סופית,46,46641387GSP,GI24000996,ציריה שמאל ג'מפי מ16 נפח 2.0 גיר רגיל,ציריות,"ספק חו""ל",40,29.83,0.00,3.00,,,,,2024-10-29,13/11/24,657.11,6.0,6.0,10,2024,2024-10,107583.83,,
,,GSPFF7911,סופית,46,46680201GSP,GI24000996,ציריה ימין SX4,ציריות,"ספק חו""ל",69,36.00,0.00,3.00,,,,,2024-10-29,13/11/24,2643.44,20.0,20.0,10,2024,2024-10,107583.83,,
,,GSPFF7911,סופית,46,46680202GSP,GI24000996,ציריה שמאל SX4,ציריות,"ספק חו""ל",49,32.50,0.00,3.00,,,,,2024-10-29,13/11/24,2386.44,20.0,20.0,10,2024,2024-10,107583.83,,
,,GSPFF7911,סופית,46,46800902GSP,GI24000996,ציריה שמאל דוקאטו 07+ 2.3/בוקסר 07+ 2.3,ציריות,"ספק חו""ל",30,32.85,0.00,3.00,255047,,,,2024-10-29,13/11/24,3618.23,30.0,30.0,10,2024,2024-10,107583.83,,
,,GSPFF7911,סופית,46,46800903GSP,GI24000996,ציריה ימין דוקאטו 07+ 2.3/בוקסר 07+ 2.3,ציריות,"ספק חו""ל",54,48.74,0.00,3.00,255047,,,,2024-10-29,13/11/24,5368.38,30.0,30.0,10,2024,2024-10,107583.83,,
,,GSPFF7911,סופית,46,46821209GSP,GI24000996,ציריה ימין פוקוס 1.6 11+ אוטומט,ציריות,"ספק חו""ל",5,32.85,0.00,3.00,255047,,,,2024-10-29,13/11/24,6030.38,50.0,50.0,10,2024,2024-10,107583.83,,
,,GSPFF7911,סופית,46,46821222GSP,GI24000996,ציריה ימין פוקוס 1.6 06-10,ציריות,"ספק חו""ל",90,34.73,0.00,3.00,255047,,,,2024-10-29,13/11/24,6375.49,50.0,50.0,10,2024,2024-10,107583.83,,
,,GSPFF7911,סופית,46,46941399GSP,GI24000996,ציריה ימין מסטר 10+,ציריות,"ספק חו""ל",15,42.92,0.00,3.00,255047,,,,2024-10-29,13/11/24,1575.77,10.0,10.0,10,2024,2024-10,107583.83,,
,,GSPFF7911,סופית,46,46941434GSP,GI24000996,ציריה ימין מגאן 19+,ציריות,"ספק חו""ל",92,49.80,0.00,3.00,,,,,2024-10-29,13/11/24,1828.38,10.0,10.0,10,2024,2024-10,107583.83,,
,,GSPFF7911,סופית,46,46941435GSP,GI24000996,ציריה שמאל מגאן 19+,ציריות,"ספק חו""ל",12,37.13,0.00,3.00,,,,,2024-10-29,13/11/24,1363.21,10.0,10.0,10,2024,2024-10,107583.83,,
,,GSPFF7911,סופית,46,46941954GSP,GI24000996,ציריה ימין קנגו 09+ דיזל גיר רגיל גומי צלעות,ציריות,"ספק חו""ל",24,35.75,0.00,3.00,255047,,,,2024-10-29,13/11/24,2625.09,20.0,20.0,10,2024,2024-10,107583.83,,
,,GSPFF7911,סופית,48,48040502GSP,GI24000996,נאבה קד ויוארו 15+/טרפיק 15+,נאבות,"ספק חו""ל",78,21.98,0.00,3.00,,,,,2024-10-29,13/11/24,484.18,6.0,6.0,10,2024,2024-10,107583.83,,
,,GSPFF7911,סופית,48,48041414GSP,GI24000996,נאבה אח אופל מוקה 17+,נאבות,"ספק חו""ל",6,19.36,0.00,3.00,,,,,2024-10-29,13/11/24,426.49,6.0,6.0,10,2024,2024-10,107583.83,,
,,GSPFF7911,סופית,48,48370408GSP,GI24000996,נאבה אח יאריס 12-20 נפח 1.5 הייבריד,נאבות,"ספק חו""ל",35,20.00,0.00,3.00,,,,,2024-10-29,13/11/24,2202.87,30.0,30.0,10,2024,2024-10,107583.83,,
,,GSPFF7911,סופית,48,48370955GSP,GI24000996,נאבה אח יאריס 07+ לא היברידית,נאבות,"ספק חו""ל",19,23.66,0.00,3.00,,,,,2024-10-29,13/11/24,868.66,10.0,10.0,10,2024,2024-10,107583.83,,
,,GSPFF7911,סופית,48,48492401GSP,GI24000996,נאבה קד אקליפס 18+,נאבות,"ספק חו""ל",56,21.35,0.00,3.00,,,,,2024-10-29,13/11/24,470.32,6.0,6.0,10,2024,2024-10,107583.83,,
,,GSPFF7911,סופית,48,48551949GSP,GI24000996,נאבה קד קשקאי 07-14/אקסטרייל 08-13/ג'וק 10+/קולאוס,נאבות,"ספק חו""ל",67,19.43,0.00,3.00,,,,,2024-10-29,13/11/24,1426.72,20.0,20.0,10,2024,2024-10,107583.83,,
,,GSPFF7911,סופית,48,48580100GSP,GI24000996,נאבה קד אוקטביה 13+/גולף/קארוק/קודיאק/Q3/Q2/TT/קופרה,נאבות,"ספק חו""ל",27,20.57,0.00,3.00,,,,,2024-10-29,13/11/24,2265.66,30.0,30.0,10,2024,2024-10,107583.83,,
,,GSPFF7911,סופית,48,48580175GSP,GI24000996,נאבה קד אוקטביה 05+/גולף/פאסט/A3/לאון/ג'טה/3 /A1/S3 ברגים,נאבות,"ספק חו""ל",25,15.00,0.00,3.00,,,,,2024-10-29,13/11/24,5507.18,100.0,100.0,10,2024,2024-10,107583.83,,
,,GSPFF7911,סופית,48,48620299GSP,GI24000996,נאבה קד 12-13 XV/+04 B4/+07 B3/אאוטבק 04+/פורסטר/אימפרזה,נאבות,"ספק חו""ל",81,17.48,0.00,3.00,,,,,2024-10-29,13/11/24,1283.53,20.0,20.0,10,2024,2024-10,107583.83,,
,,GSPFF7911,סופית,48,48680624GSP,GI24000996,נאבה קד בלנו 16+,נאבות,"ספק חו""ל",73,16.21,0.00,3.00,,,,,2024-10-29,13/11/24,595.15,10.0,10.0,10,2024,2024-10,107583.83,,
,,GSPFF7911,סופית,48,48821227GSP,GI24000996,נאבה קד פוקוס 06-10,נאבות,"ספק חו""ל",47,21.57,0.00,3.00,,,,,2024-10-29,13/11/24,1583.87,20.0,20.0,10,2024,2024-10,107583.83,,
,,GSPFF7911,סופית,50,50310925GSP,GI24000996,תושבת מנוע אח סיוויק 12+ 5 דלתות משקפיים,תושבות מנוע,"ספק חו""ל",8,13.11,0.00,3.00,,,,,2024-10-29,13/11/24,192.54,4.0,4.0,10,2024,2024-10,107583.83,,
,,GSPFF7911,סופית,50,50390753GSP,GI24000996,תושבת מנוע ימין 11 I35+/פורטה 13+,תושבות מנוע,"ספק חו""ל",80,13.03,0.00,3.00,,,,,2024-10-29,13/11/24,191.37,4.0,4.0,10,2024,2024-10,107583.83,,
,,GSPFF7911,סופית,50,50641200GSP,GI24000996,תושבת מנוע ימין ברלינגו 08+/פרטנר 08+ עם תפס,תושבות מנוע,"ספק חו""ל",20,14.17,0.00,3.00,,,,,2024-10-29,13/11/24,104.05,2.0,2.0,10,2024,2024-10,107583.83,,
,,GSPFF7911,סופית,50,50681375GSP,GI24000996,תושבת מנוע ימין סוויפט 05-09/ספלאש 09-10,תושבות מנוע,"ספק חו""ל",60,10.98,0.00,3.00,,,,,2024-10-29,13/11/24,80.62,2.0,2.0,10,2024,2024-10,107583.83,,
,,GSPFF7911,סופית,61,61140406GSP,GI24000996,הגה כח ב.מ.וו סדרה 3 91-98,הגה כוח,"ספק חו""ל",76,89.70,0.00,3.00,,,,,2024-10-29,13/11/24,9550.54,29.0,29.0,10,2024,2024-10,107583.83,,
,,GSPFF7911,סופית,61,61480804GSP,GI24000996,הגה כח מרצדס ספרינטר 07-18/קראפטר 06-18,הגה כוח,"ספק חו""ל",53,147.70,0.00,3.00,,,,,2024-10-29,13/11/24,52058.21,96.0,96.0,10,2024,2024-10,107583.83,,
,,GSPFF7911,סופית,68,68371515GSP,GI24000996,הגה מכני קורולה 13+/אוריס 13+ניתן להרכיב לקרולה מ-08,הגה מכני,"ספק חו""ל",7,46.39,0.00,3.00,,,,,2024-10-29,13/11/24,17031.86,100.0,100.0,10,2024,2024-10,107583.83,,
,,GSPFF7911,סופית,68,68372424GSP,GI24000996,הגה מכני טויוטה ורסו 09-18,הגה מכני,"ספק חו""ל",22,46.40,0.00,3.00,,,,,2024-10-29,13/11/24,5451.38,32.0,32.0,10,2024,2024-10,107583.83,,
,,GSPFF7911,סופית,68,68962828GSP,GI24000996,הגה מכני ספארק 16+,הגה מכני,"ספק חו""ל",70,44.20,0.00,3.00,,,,,2024-10-29,13/11/24,4868.34,30.0,30.0,10,2024,2024-10,107583.83,,
255560,OSSCA,KOR-24489,סופית,10,10763636KOR,GI24000992,קויל C4/+14 2008/+15 301/+13 208/+14 108 קקטוס 14+,קויל,"ספק חו""ל",141,11.00,0.00,0.00,,,,,2024-11-18,18/11/24,370.56,9.0,9.0,11,2024,2024-11,77297.45,,
,,KOR-24489,סופית,27,27782777KOR,GI24000992,מסנן גיר גולף 13+/פאסאט 15+/לאון 12+/אוקטביה 13+,מסנן גיר,"ספק חו""ל",123,4.50,0.00,0.00,,,,,2024-11-18,18/11/24,1684.35,100.0,100.0,11,2024,2024-11,77297.45,,
,,KOR-24489,סופית,50,50310909KOR,GI24000992,תושבת מנוע ימין סיוויק 12+ נפח 1.8 מתאים 5/4 דלתות,תושבות מנוע,"ספק חו""ל",1,25.00,0.00,0.00,,,,,2024-11-18,18/11/24,935.75,10.0,10.0,11,2024,2024-11,77297.45,,
,,KOR-24489,סופית,50,50310909KOR,GI24000992,תושבת מנוע ימין סיוויק 12+ נפח 1.8 מתאים 5/4 דלתות,תושבות מנוע,"ספק חו""ל",163,25.00,0.00,0.00,,,,,2024-11-18,18/11/24,467.88,5.0,5.0,11,2024,2024-11,77297.45,,
,,KOR-24489,סופית,50,50310990KOR,GI24000992,תושבת מנוע שמאל סיוויק נפח 1.8 06-10,תושבות מנוע,"ספק חו""ל",2,12.00,0.00,0.00,,,,,2024-11-18,18/11/24,449.16,10.0,10.0,11,2024,2024-11,77297.45,,
,,KOR-24489,סופית,50,50390404KOR,GI24000992,תושבת מנוע ימין 09 I20+,תושבות מנוע,"ספק חו""ל",3,12.50,0.00,0.00,,,,,2024-11-18,18/11/24,2339.38,50.0,50.0,11,2024,2024-11,77297.45,,
,,KOR-24489,סופית,50,50390415KOR,GI24000992,תושבת מנוע אח 08-14 I20 משקפיים,תושבות מנוע,"ספק חו""ל",4,9.30,0.00,0.00,,,,,2024-11-18,18/11/24,696.2,20.0,20.0,11,2024,2024-11,77297.45,,
,,KOR-24489,סופית,50,50491549KOR,GI24000992,תושבת מנוע אח ספייסטאר/אטראז' משקפיים,תושבות מנוע,"ספק חו""ל",5,8.00,0.00,0.00,,,,,2024-11-18,18/11/24,598.88,20.0,20.0,11,2024,2024-11,77297.45,,
,,KOR-24489,סופית,50,50491551KOR,GI24000992,תושבת שמאל גיר ספייס סטאר/אטראז',תושבות מנוע,"ספק חו""ל",158,13.80,0.00,0.00,,,,,2024-11-18,18/11/24,2582.67,50.0,50.0,11,2024,2024-11,77297.45,,
,,KOR-24489,סופית,50,50641212KOR,GI24000992,תושבת מנוע ימין ברלינגו 08+ בלי תפס,תושבות מנוע,"ספק חו""ל",159,13.50,0.00,0.00,,,,,2024-11-18,18/11/24,2526.53,50.0,50.0,11,2024,2024-11,77297.45,,
,,KOR-24489,סופית,57,57040330KOR,GI24000992,קולר שמן אסטרה/קורסה/מליבו 16+/אינסגניה/אדם 16+ מנועי 1.5,קולר שמן,"ספק חו""ל",6,42.65,0.00,0.00,,,,,2024-11-18,18/11/24,1596.39,10.0,10.0,11,2024,2024-11,77297.45,,
,,KOR-24489,סופית,57,57040330KOR,GI24000992,קולר שמן אסטרה/קורסה/מליבו 16+/אינסגניה/אדם 16+ מנועי 1.5,קולר שמן,"ספק חו""ל",135,42.65,0.00,0.00,,,,,2024-11-18,18/11/24,798.19,5.0,5.0,11,2024,2024-11,77297.45,,
,,KOR-24489,סופית,57,57140222KOR,GI24000992,קולר שמן ב.מ.וו 08 X6/+06 X5+,קולר שמן,"ספק חו""ל",7,39.80,0.00,0.00,,,,,2024-11-18,18/11/24,744.86,5.0,5.0,11,2024,2024-11,77297.45,,
,,KOR-24489,סופית,57,57140222KOR,GI24000992,קולר שמן ב.מ.וו 08 X6/+06 X5+,קולר שמן,"ספק חו""ל",133,39.80,0.00,0.00,,,,,2024-11-18,18/11/24,744.86,5.0,5.0,11,2024,2024-11,77297.45,,
,,KOR-24489,סופית,57,57140339KOR,GI24000992,קולר שמן סדרה 1/סדרה 2/סדרה 3/סדרה 5/סדרה X3/7,קולר שמן,"ספק חו""ל",8,10.10,0.00,0.00,,,,,2024-11-18,18/11/24,189.02,5.0,5.0,11,2024,2024-11,77297.45,,
,,KOR-24489,סופית,57,57392128KOR,GI24000992,קולר שמן סונטה/סורנטו/סנטפה מנועי 2.4,קולר שמן,"ספק חו""ל",9,11.20,0.00,0.00,,,,,2024-11-18,18/11/24,209.61,5.0,5.0,11,2024,2024-11,77297.45,,
,,KOR-24489,סופית,57,57451297KOR,GI24000992,קולר שמן מזדה 3 13+,קולר שמן,"ספק חו""ל",10,12.00,0.00,0.00,,,,,2024-11-18,18/11/24,898.32,20.0,20.0,11,2024,2024-11,77297.45,,
,,KOR-24489,סופית,57,57451445KOR,GI24000992,קולר שמן מזדה 5/מזדה 3 2.0 עד 08,קולר שמן,"ספק חו""ל",11,11.50,0.00,0.00,,,,,2024-11-18,18/11/24,215.22,5.0,5.0,11,2024,2024-11,77297.45,,
,,KOR-24489,סופית,57,57451558KOR,GI24000992,קולר שמן מזדה 6/מזדה 3/מזדה 5/מונדאו 01+ 2.0 עגול,קולר שמן,"ספק חו""ל",12,12.50,0.00,0.00,,,,,2024-11-18,18/11/24,467.88,10.0,10.0,11,2024,2024-11,77297.45,,
,,KOR-24489,סופית,57,57580109KOR,GI24000992,קולר מים סעפת יניקה אוקטביה CJZ 1.2,קולר שמן,"ספק חו""ל",13,30.00,0.00,0.00,,,,,2024-11-18,18/11/24,3368.7,30.0,30.0,11,2024,2024-11,77297.45,,
,,KOR-24489,סופית,57,57580109KOR,GI24000992,קולר מים סעפת יניקה אוקטביה CJZ 1.2,קולר שמן,"ספק חו""ל",131,30.00,0.00,0.00,,,,,2024-11-18,18/11/24,3368.7,30.0,30.0,11,2024,2024-11,77297.45,,
,,KOR-24489,סופית,57,57580198KOR,GI24000992,קולר שמן אוקטביה 13+/ג'טה 13+ עם בית + חיישן EGR,קולר שמן,"ספק חו""ל",14,33.00,0.00,0.00,,,,,2024-11-18,18/11/24,2470.38,20.0,20.0,11,2024,2024-11,77297.45,,
,,KOR-24489,סופית,57,57580198KOR,GI24000992,קולר שמן אוקטביה 13+/ג'טה 13+ עם בית + חיישן EGR,קולר שמן,"ספק חו""ל",132,33.00,0.00,0.00,,,,,2024-11-18,18/11/24,6175.95,50.0,50.0,11,2024,2024-11,77297.45,,
,,KOR-24489,סופית,57,57580199KOR,GI24000992,קולר שמן אוקטביה/לאון/סופרב/פאסאט/גולף קודיאק CJS/CJX/CHH,קולר שמן,"ספק חו""ל",15,10.50,0.00,0.00,,,,,2024-11-18,18/11/24,786.03,20.0,20.0,11,2024,2024-11,77297.45,,
,,KOR-24489,סופית,57,57610161KOR,GI24000992,קולר שמן איביזה/אטקה/קודיאק/קארוק/פביה/גולף/קאדי CJZ +13,קולר שמן,"ספק חו""ל",16,8.50,0.00,0.00,,,,,2024-11-18,18/11/24,636.31,20.0,20.0,11,2024,2024-11,77297.45,,
,,KOR-24489,סופית,57,57610561KOR,GI24000992,קולר שמן לאון 07+/איביזה 09+/ג'טה 07 A3/+10 A1/+07+,קולר שמן,"ספק חו""ל",17,18.60,0.00,0.00,,,,,2024-11-18,18/11/24,696.2,10.0,10.0,11,2024,2024-11,77297.45,,
,,KOR-24489,סופית,57,57641219KOR,GI24000992,קולר שמן ברלינגו HDI 1.6 1.4 (עם גומיות),קולר שמן,"ספק חו""ל",18,8.20,0.00,0.00,,,,,2024-11-18,18/11/24,613.85,20.0,20.0,11,2024,2024-11,77297.45,,
,,KOR-24489,סופית,57,57762424KOR,GI24000992,קולר שמן פיאט דוקטו/הרקולס 2.3 מ-12,קולר שמן,"ספק חו""ל",19,24.00,0.00,0.00,,,,,2024-11-18,18/11/24,898.32,10.0,10.0,11,2024,2024-11,77297.45,,
,,KOR-24489,סופית,57,57781687KOR,GI24000992,קולר שמן קראפטר/פביה/סופרב/יטי/רפיד/אוקטביה/פאסאט/Q5 עם בית,קולר שמן,"ספק חו""ל",20,19.00,0.00,0.00,,,,,2024-11-18,18/11/24,711.17,10.0,10.0,11,2024,2024-11,77297.45,,
,,KOR-24489,סופית,57,57781687KOR,GI24000992,קולר שמן קראפטר/פביה/סופרב/יטי/רפיד/אוקטביה/פאסאט/Q5 עם בית,קולר שמן,"ספק חו""ל",138,19.00,0.00,0.00,,,,,2024-11-18,18/11/24,2133.51,30.0,30.0,11,2024,2024-11,77297.45,,
,,KOR-24489,סופית,57,57800880KOR,GI24000992,קולר שמן דובלו 10+ 1.6,קולר שמן,"ספק חו""ל",21,37.60,0.00,0.00,,,,,2024-11-18,18/11/24,703.68,5.0,5.0,11,2024,2024-11,77297.45,,
,,KOR-24489,סופית,57,57800880KOR,GI24000992,קולר שמן דובלו 10+ 1.6,קולר שמן,"ספק חו""ל",137,37.60,0.00,0.00,,,,,2024-11-18,18/11/24,703.68,5.0,5.0,11,2024,2024-11,77297.45,,
,,KOR-24489,סופית,57,57821382KOR,GI24000992,קולר שמן מנוע וגיר פיאסטה 09+/קוגה/מונדאו 08+/אסמקס/גלקסי,קולר שמן,"ספק חו""ל",22,10.00,0.00,0.00,,,,,2024-11-18,18/11/24,374.3,10.0,10.0,11,2024,2024-11,77297.45,,
,,KOR-24489,סופית,57,57941991KOR,GI24000992,קולר שמן קנגו 08+/פלואנס,קולר שמן,"ספק חו""ל",23,12.00,0.00,0.00,,,,,2024-11-18,18/11/24,898.32,20.0,20.0,11,2024,2024-11,77297.45,,
,,KOR-24489,סופית,57,57942020KOR,GI24000992,קולר שמן קפצ'ור 13+/דוקר/דסטר/לוגן/לודג'י/ג'וק/מנועי 1.2,קולר שמן,"ספק חו""ל",24,11.00,0.00,0.00,,,,,2024-11-18,18/11/24,823.46,20.0,20.0,11,2024,2024-11,77297.45,,
,,KOR-24489,סופית,57,57960230KOR,GI24000992,קולר שמן אוואו 12+/קרוז 12+/טראקס 12+/אורלנדו 12+ מנועי 1.4,קולר שמן,"ספק חו""ל",25,27.00,0.00,0.00,,,,,2024-11-18,18/11/24,2021.22,20.0,20.0,11,2024,2024-11,77297.45,,
,,KOR-24489,סופית,57,57960230KOR,GI24000992,קולר שמן אוואו 12+/קרוז 12+/טראקס 12+/אורלנדו 12+ מנועי 1.4,קולר שמן,"ספק חו""ל",136,27.00,0.00,0.00,,,,,2024-11-18,18/11/24,4042.44,40.0,40.0,11,2024,2024-11,77297.45,,
,,KOR-24489,סופית,57,57963222KOR,GI24000992,קולר שמן קפטיבה 11+ 2.2/אורלנדו,קולר שמן,"ספק חו""ל",26,15.65,0.00,0.00,,,,,2024-11-18,18/11/24,585.78,10.0,10.0,11,2024,2024-11,77297.45,,
,,KOR-24489,סופית,57,57963319KOR,GI24000992,קולר שמן קרוז 1.6/סוניק/אוואו 09+ 1.4,קולר שמן,"ספק חו""ל",27,23.50,0.00,0.00,,,,,2024-11-18,18/11/24,2638.82,30.0,30.0,11,2024,2024-11,77297.45,,
,,KOR-24489,סופית,58,58580101KOR,GI24000992,קולר גיר אוקטביה 05+ 1.6 1.8/סופרב/פאסאט 06+ 2.0,קולר גיר,"ספק חו""ל",134,16.90,0.00,0.00,,,,,2024-11-18,18/11/24,379.54,6.0,6.0,11,2024,2024-11,77297.45,,
,,KOR-24489,סופית,59,59480400KOR,GI24000992,בולם אויר אח ימין S300/+06 S350/+09 S400/+06 S63/+06 S500,בולמים,"ספק חו""ל",28,165.00,0.00,0.00,,,,,2024-11-18,18/11/24,3087.98,5.0,5.0,11,2024,2024-11,77297.45,,
,,KOR-24489,סופית,59,59480448KOR,GI24000992,בולם אויר אח שמאל S300/+06 S350/+09 S400/+06 S63/+06 S500,בולמים,"ספק חו""ל",29,175.00,0.00,0.00,,,,,2024-11-18,18/11/24,3275.13,5.0,5.0,11,2024,2024-11,77297.45,,
,,KOR-24489,סופית,59,59480552KOR,GI24000992,בולם אויר קד ימין + שמאל 06 ML350/+06 GL500/+06 GL450 05-11,בולמים,"ספק חו""ל",30,185.00,0.00,0.00,,,,,2024-11-18,18/11/24,3462.28,5.0,5.0,11,2024,2024-11,77297.45,,
,,KOR-24489,סופית,63,63030202KOR,GI24000992,מ.מים דימקס 17+,משאבות מים,"ספק חו""ל",31,21.10,0.00,0.00,,,,,2024-11-18,18/11/24,394.89,5.0,5.0,11,2024,2024-11,77297.45,,
,,KOR-24489,סופית,63,63040308KOR,GI24000992,מ.מים אסטרה קורסה 1.4 10+/סוניק 1.4 12+/אוואו 1.4,משאבות מים,"ספק חו""ל",32,15.98,0.00,0.00,,,,,2024-11-18,18/11/24,1196.26,20.0,20.0,11,2024,2024-11,77297.45,,
,,KOR-24489,סופית,63,63140106KOR,GI24000992,מ.מים ב.מ.וו 10-17 X3,משאבות מים,"ספק חו""ל",33,128.00,0.00,0.00,,,,,2024-11-18,18/11/24,3832.83,8.0,8.0,11,2024,2024-11,77297.45,,
,,KOR-24489,סופית,63,63140300KOR,GI24000992,מ.מים ב.מ.וו סדרה 1 07+/סדרה 3/סדרה 5 חשמלית,משאבות מים,"ספק חו""ל",34,111.00,0.00,0.00,,,,,2024-11-18,18/11/24,3323.78,8.0,8.0,11,2024,2024-11,77297.45,,
,,KOR-24489,סופית,63,63371414KOR,GI24000992,מ.מים פריוס 05+ 1.5 חשמלית,משאבות מים,"ספק חו""ל",35,21.00,0.00,0.00,,,,,2024-11-18,18/11/24,1572.06,20.0,20.0,11,2024,2024-11,77297.45,,
,,KOR-24489,סופית,63,63371511KOR,GI24000992,מ.מים קורולה 08+/אוריס 08+/אבנסיס 09+/ראב 4 09+/ורסו 09+,משאבות מים,"ספק חו""ל",36,14.00,0.00,0.00,,,,,2024-11-18,18/11/24,1048.04,20.0,20.0,11,2024,2024-11,77297.45,,
,,KOR-24489,סופית,63,63391368KOR,GI24000992,מ.מים אקסנט 06+/אלנטרה נפח 1.6 01+/גטס 06+,משאבות מים,"ספק חו""ל",37,9.00,0.00,0.00,,,,,2024-11-18,18/11/24,336.87,10.0,10.0,11,2024,2024-11,77297.45,,
,,KOR-24489,סופית,63,63391717KOR,GI24000992,מ.מים טוסון 15+ 2.0/ספורטאג' 15+ 2.0/קרנס 13+ 2.0,משאבות מים,"ספק חו""ל",38,9.95,0.00,0.00,,,,,2024-11-18,18/11/24,372.43,10.0,10.0,11,2024,2024-11,77297.45,,
,,KOR-24489,סופית,63,63451212KOR,GI24000992,מ.מים מזדה 3 1.6/מזדה 2,משאבות מים,"ספק חו""ל",40,12.85,0.00,0.00,,,,,2024-11-18,18/11/24,0.0,0.0,0.0,11,2024,2024-11,77297.45,,
,,KOR-24489,סופית,63,63550712KOR,GI24000992,מ.מים טידה 1.6/נוט 14+ נפח 1.6/ג'וק 10+/מיקרה 11+,משאבות מים,"ספק חו""ל",41,8.20,0.00,0.00,,,,,2024-11-18,18/11/24,306.93,10.0,10.0,11,2024,2024-11,77297.45,,
,,KOR-24489,סופית,63,63580109KOR,GI24000992,מ.מים אוקטביה/סופרב/קאדי/קודיאק/קארוק 13+ נפח 1.6 TDI,משאבות מים,"ספק חו""ל",42,10.90,0.00,0.00,,,,,2024-11-18,18/11/24,4079.87,100.0,100.0,11,2024,2024-11,77297.45,,
,,KOR-24489,סופית,63,63580202KOR,GI24000992,מ.מים סקודה יטי נפח 07 A4/15-19 2.0+/רפיד 15+,משאבות מים,"ספק חו""ל",43,10.20,0.00,0.00,,,,,2024-11-18,18/11/24,381.79,10.0,10.0,11,2024,2024-11,77297.45,,
,,KOR-24489,סופית,63,63641212KOR,GI24000992,מ.מים ברלינגו 1.6 C3/+08/ג'מפי C4/307/206/+07 1.6,משאבות מים,"ספק חו""ל",44,10.10,0.00,0.00,,,,,2024-11-18,18/11/24,378.04,10.0,10.0,11,2024,2024-11,77297.45,,
,,KOR-24489,סופית,63,63780707KOR,GI24000992,מ.מים גולף 13 1.4 A1/+12 1.2 1.4 A3/+13 TSI 1.2+,משאבות מים,"ספק חו""ל",124,20.00,0.00,0.00,VVV,,,,2024-11-18,18/11/24,0.0,0.0,0.0,11,2024,2024-11,77297.45,,
,,KOR-24489,סופית,63,63780759KOR,GI24000992,מ.מים גולף 13 1.4 A1/+12 1.2 1.4 A3/+13 TSI 1.2+,משאבות מים,"ספק חו""ל",45,20.50,0.00,0.00,VVV,,,,2024-11-18,18/11/24,15346.3,200.0,200.0,11,2024,2024-11,77297.45,,
,,KOR-24489,סופית,63,63780770KOR,GI24000992,מ.מים גולף 1.4 06+/ג'טה 07+/פביה 11+/איביזה 10+ דאבל פולי,משאבות מים,"ספק חו""ל",46,48.50,0.00,0.00,,,,,2024-11-18,18/11/24,5446.07,30.0,30.0,11,2024,2024-11,77297.45,,
,,KOR-24489,סופית,63,63781315KOR,GI24000992,מ.מים פאסאט 08+ נפח 1.8 מנועי TSI עם בית/אוקטביה 08+,משאבות מים,"ספק חו""ל",47,26.30,0.00,0.00,VVV,,,,2024-11-18,18/11/24,4922.05,50.0,50.0,11,2024,2024-11,77297.45,,
,,KOR-24489,סופית,63,63821212KOR,GI24000992,מ.מים פוקוס נפח 1.6 05+/וולוו 05+/פיאסטה 09+,משאבות מים,"ספק חו""ל",48,11.00,0.00,0.00,,,,,2024-11-18,18/11/24,823.46,20.0,20.0,11,2024,2024-11,77297.45,,
,,KOR-24489,סופית,63,63900101KOR,GI24000992,מ.מים אופטימה 15+/סיד 15+/סול 15+ דיזל CRDI,משאבות מים,"ספק חו""ל",49,13.40,0.00,0.00,,,,,2024-11-18,18/11/24,250.78,5.0,5.0,11,2024,2024-11,77297.45,,
,,KOR-24489,סופית,63,63901385KOR,GI24000992,מ.מים פיקנטו/ריו/סטוניק מI20 17 מ15,משאבות מים,"ספק חו""ל",39,18.95,0.00,0.00,,,,,2024-11-18,18/11/24,709.3,10.0,10.0,11,2024,2024-11,77297.45,,
,,KOR-24489,סופית,63,63941494KOR,GI24000992,מ.מים מגאן 11-15 נפח 1.5 מנועי DCI/סניק 11+/פלואנס,משאבות מים,"ספק חו""ל",50,16.80,0.00,0.00,,,,,2024-11-18,18/11/24,1257.65,20.0,20.0,11,2024,2024-11,77297.45,,
,,KOR-24489,סופית,68,68390505KOR,GI24000992,הגה מכני 11-17 I25/ריו 13+,הגה מכני,"ספק חו""ל",129,48.00,0.00,0.00,,,,,2024-11-18,18/11/24,1616.98,9.0,9.0,11,2024,2024-11,77297.45,,
,,KOR-24489,סופית,68,68391039KOR,GI24000992,הגה מכני 10-15 IX35/ספורטאג' 10-15,הגה מכני,"ספק חו""ל",130,54.50,0.00,0.00,,,,,2024-11-18,18/11/24,1835.94,9.0,9.0,11,2024,2024-11,77297.45,,
,,KOR-24489,סופית,90,90040300KOR,GI24000992,מיכל עיבוי אסטרה 09+,מיכלי עיבוי,"ספק חו""ל",51,6.80,0.00,0.00,,,,,2024-11-18,18/11/24,763.57,30.0,30.0,11,2024,2024-11,77297.45,,
,,KOR-24489,סופית,90,90140101KOR,GI24000992,מיכל עיבוי 14 X4/+11 X3+,מיכלי עיבוי,"ספק חו""ל",52,16.30,0.00,0.00,,,,,2024-11-18,18/11/24,305.05,5.0,5.0,11,2024,2024-11,77297.45,,
,,KOR-24489,סופית,90,90140352KOR,GI24000992,מיכל עיבוי ב.מ.וו סדרה 1 11+/סדרה 3 11+,מיכלי עיבוי,"ספק חו""ל",53,16.50,0.00,0.00,,,,,2024-11-18,18/11/24,308.8,5.0,5.0,11,2024,2024-11,77297.45,,
,,KOR-24489,סופית,90,90486969KOR,GI24000992,מיכל עיבוי מרצדס 11 W166+,מיכלי עיבוי,"ספק חו""ל",54,15.40,0.00,0.00,,,,,2024-11-18,18/11/24,576.42,10.0,10.0,11,2024,2024-11,77297.45,,
,,KOR-24489,סופית,90,90580182KOR,GI24000992,מיכל עיבוי אוקטביה 05-12/גולף 04+/פאסאט 06+/רפיד,מיכלי עיבוי,"ספק חו""ל",127,3.50,0.00,0.00,,,,,2024-11-18,18/11/24,1323.15,101.0,101.0,11,2024,2024-11,77297.45,,
,,KOR-24489,סופית,90,90580505KOR,GI24000992,מיכל עיבוי פביה/פולו 00+/איביזה 02+/רומסטר,מיכלי עיבוי,"ספק חו""ל",126,3.20,0.00,0.00,,,,,2024-11-18,18/11/24,1077.98,90.0,90.0,11,2024,2024-11,77297.45,,
,,KOR-24489,סופית,90,90781616KOR,GI24000992,מיכל עיבוי קראפטר 07+/ספרינטר 07+,מיכלי עיבוי,"ספק חו""ל",125,9.15,0.00,0.00,,,,,2024-11-18,18/11/24,2739.88,80.0,80.0,11,2024,2024-11,77297.45,,
,,KOR-24489,סופית,90,90961414KOR,GI24000992,מיכל עיבוי טראקס 12+/מוקה 14+,מיכלי עיבוי,"ספק חו""ל",128,4.50,0.00,0.00,,,,,2024-11-18,18/11/24,757.96,45.0,45.0,11,2024,2024-11,77297.45,,
,,KOR-24489,סופית,91,91780707KOR,GI24000992,סט חוטי הצתה גולף 2.0 99-06 בורה 2.0 עד 05,חוטי הצתה,"ספק חו""ל",55,6.00,0.00,0.00,,,,,2024-11-18,18/11/24,4491.6,200.0,200.0,11,2024,2024-11,77297.45,,
,,KOR-24489,סופית,94,94480848KOR,GI24000992,מסנן שמן ספרינטר עד 00,מסנן שמן,"ספק חו""ל",140,37.50,0.00,0.00,,,,,2024-11-18,18/11/24,7018.13,50.0,50.0,11,2024,2024-11,77297.45,,
,,KOR-24489,סופית,95,95962696KOR,GI24000992,מסנן אויר סילברדו 11+ 6.6,מסנן אויר,"ספק חו""ל",122,3.20,0.00,0.00,,,,,2024-11-18,18/11/24,1197.76,100.0,100.0,11,2024,2024-11,77297.45,,
,,KOR-24489,סופית,B1,F3392220KOR,GI24000992,שסתום EGR סנטפה 09+/סורנטו IX35/+10/קרניבל/ספורטאז',שסתום EGR,"ספק חו""ל",66,52.15,0.00,0.00,,,,,2024-11-18,18/11/24,1951.97,10.0,10.0,11,2024,2024-11,77297.45,,
,,KOR-24489,סופית,B1,F3580110KOR,GI24000992,שסתום EGR אוקטביה 10+/פביה/רומסטר/ג'טה/גולף/טוראן/קאדי,שסתום EGR,"ספק חו""ל",67,81.00,0.00,0.00,,,,,2024-11-18,18/11/24,3031.83,10.0,10.0,11,2024,2024-11,77297.45,,
,,KOR-24489,סופית,B3,B3580110KOR,GI24000992,חיישן MAP אוקטביה 13+,חיישן מאניפוילד MAP,"ספק חו""ל",56,6.50,0.00,0.00,,,,,2024-11-18,18/11/24,486.59,20.0,20.0,11,2024,2024-11,77297.45,,
,,KOR-24489,סופית,B4,B4451010KOR,GI24000992,חיישן נקישות לנטיס/מזדה 3/מזדה 2,חיישן נקישות,"ספק חו""ל",57,3.55,0.00,0.00,,,,,2024-11-18,18/11/24,664.38,50.0,50.0,11,2024,2024-11,77297.45,,
,,KOR-24489,סופית,C2,C2580110KOR,GI24000992,קרטר אוקטביה 13+ 1.4 עם חיישן,קרטרים,"ספק חו""ל",58,15.00,0.00,0.00,,,,,2024-11-18,18/11/24,280.73,5.0,5.0,11,2024,2024-11,77297.45,,
,,KOR-24489,סופית,C2,C2580116KOR,GI24000992,קרטר אוקטביה 13+ 1.2/לאון 13+/פביה 13+/יטי 13+/פולו TSI +13,קרטרים,"ספק חו""ל",59,21.30,0.00,0.00,,,,,2024-11-18,18/11/24,398.63,5.0,5.0,11,2024,2024-11,77297.45,,
,,KOR-24489,סופית,C2,C2580116KOR,GI24000992,קרטר אוקטביה 13+ 1.2/לאון 13+/פביה 13+/יטי 13+/פולו TSI +13,קרטרים,"ספק חו""ל",144,21.30,0.00,0.00,,,,,2024-11-18,18/11/24,637.81,8.0,8.0,11,2024,2024-11,77297.45,,
,,KOR-24489,סופית,C2,C2580154KOR,GI24000992,קרטר אוקטביה 13+/גולף 12 A3/+13+/פאסאט CJS 1.8 2.0 /+12,קרטרים,"ספק חו""ל",60,22.00,0.00,0.00,,,,,2024-11-18,18/11/24,411.73,5.0,5.0,11,2024,2024-11,77297.45,,
,,KOR-24489,סופית,D7,D7490303KOR,GI24000992,מותח רצועה אאוטלנדר 13+ 2.0/לנסר 12+ 1.8 (מושלם),מותח רצועה,"ספק חו""ל",61,12.00,0.00,0.00,,,,,2024-11-18,18/11/24,449.16,10.0,10.0,11,2024,2024-11,77297.45,,
,,KOR-24489,סופית,D8,D8140414KOR,GI24000992,פולי מנוע ב.מ.וו סדרה 3 04+/סדרה 5 04+/סדרה 6/סדרה X5/X3/7,פולי מנוע,"ספק חו""ל",142,89.00,0.00,0.00,,,,,2024-11-18,18/11/24,6662.54,20.0,20.0,11,2024,2024-11,77297.45,,
,,KOR-24489,סופית,D8,D8451661DOR,GI24000992,פולי מנוע מזדה 626 כל המודלים,פולי מנוע,"ספק חו""ל",143,15.95,0.00,0.00,,,,,2024-11-18,18/11/24,2865.64,48.0,48.0,11,2024,2024-11,77297.45,,
,,KOR-24489,סופית,E5,E5391331KOR,GI24000992,אטם מכסה שסתומים אקסנט 06+/אלנטרה 06+ 1.6,אטם מכסה שסתומים,"ספק חו""ל",62,2.05,0.00,0.00,,,,,2024-11-18,18/11/24,767.32,100.0,100.0,11,2024,2024-11,77297.45,,
,,KOR-24489,סופית,E5,E5960295KOR,GI24000992,אטם מכסה שסתומים אוואו 09+ 1.4 1.6/קרוז/אסטרה/סוניק,אטם מכסה שסתומים,"ספק חו""ל",63,2.45,0.00,0.00,,,,,2024-11-18,18/11/24,917.04,100.0,100.0,11,2024,2024-11,77297.45,,
,,KOR-24489,סופית,E7,E7041313KOR,GI24000992,מכסה שסתומים אדם 12+/אסטרה 09+/ כולל אטם,מכסה שסתומים,"ספק חו""ל",64,17.50,0.00,0.00,,,,,2024-11-18,18/11/24,655.03,10.0,10.0,11,2024,2024-11,77297.45,,
,,KOR-24489,סופית,E7,E7640606KOR,GI24000992,מכסה שסתומים 508/207/308/C3/C4/מיני קופר/5FV/5FX/5FN/5FD,מכסה שסתומים,"ספק חו""ל",65,39.60,0.00,0.00,,,,,2024-11-18,18/11/24,1482.23,10.0,10.0,11,2024,2024-11,77297.45,,
,,KOR-24489,סופית,F8,F8390660KOR,GI24000992,משאבת דלק I30 עד 11/סיד עד 11 מנועי 1.6 1.4,משאבת דלק,"ספק חו""ל",68,33.40,0.00,0.00,,,,,2024-11-18,18/11/24,1250.16,10.0,10.0,11,2024,2024-11,77297.45,,
,,KOR-24489,סופית,F8,F8390660KOR,GI24000992,משאבת דלק I30 עד 11/סיד עד 11 מנועי 1.6 1.4,משאבת דלק,"ספק חו""ל",139,33.40,0.00,0.00,,,,,2024-11-18,18/11/24,750.1,6.0,6.0,11,2024,2024-11,77297.45,,
,,KOR-24489,סופית,F8,F8391717KOR,GI24000992,משאבת דלק טוסון בנזין 2.7 2.0 מושלמת,משאבת דלק,"ספק חו""ל",69,28.60,0.00,0.00,,,,,2024-11-18,18/11/24,535.25,5.0,5.0,11,2024,2024-11,77297.45,,
,,KOR-24489,סופית,F8,F8392222KOR,GI24000992,משאבת דלק סנטפה/סורנטו 09+,משאבת דלק,"ספק חו""ל",70,28.00,0.00,0.00,,,,,2024-11-18,18/11/24,524.02,5.0,5.0,11,2024,2024-11,77297.45,,
,,KOR-24489,סופית,F8,F8392223KOR,GI24000992,משאבת דלק סנטפה 07+ 2.7 מושלמת,משאבת דלק,"ספק חו""ל",71,36.00,0.00,0.00,,,,,2024-11-18,18/11/24,673.74,5.0,5.0,11,2024,2024-11,77297.45,,
,,KOR-24489,סופית,F8,F8392229KOR,GI24000992,משאבת דלק סנטפה 12+/סורנטו 10+ מנועי 2.2 מושלמת + מצוף,משאבת דלק,"ספק חו""ל",72,30.00,0.00,0.00,,,,,2024-11-18,18/11/24,561.45,5.0,5.0,11,2024,2024-11,77297.45,,
,,KOR-24489,סופית,F8,F8451212KOR,GI24000992,משאבת דלק מזדה 3 עד 08 (מצוף 2 יציאות),משאבת דלק,"ספק חו""ל",73,26.50,0.00,0.00,,,,,2024-11-18,18/11/24,495.95,5.0,5.0,11,2024,2024-11,77297.45,,
,,KOR-24489,סופית,F8,F8580100KOR,GI24000992,משאבת דלק אוקטביה 13+/גולף 13 A3/+13+,משאבת דלק,"ספק חו""ל",74,30.80,0.00,0.00,,,,,2024-11-18,18/11/24,576.42,5.0,5.0,11,2024,2024-11,77297.45,,
,,KOR-24489,סופית,F8,F8580105KOR,GI24000992,מש' דלק מושלמת אוקטביה מ05 לחץ גבוהה,משאבת דלק,"ספק חו""ל",75,77.50,0.00,0.00,,,,,2024-11-18,18/11/24,1450.41,5.0,5.0,11,2024,2024-11,77297.45,,
,,KOR-24489,סופית,F8,F8821011KOR,GI24000992,משאבת דלק מונדאו 2.0 08+/גלקסי/אסמקס מושלמת,משאבת דלק,"ספק חו""ל",76,42.00,0.00,0.00,,,,,2024-11-18,18/11/24,786.03,5.0,5.0,11,2024,2024-11,77297.45,,
,,KOR-24489,סופית,F8,F8821281KOR,GI24000992,משאבת דלק פוקוס 06+/מזדה 3/ מושלם + מצוף יציאה 1,משאבת דלק,"ספק חו""ל",77,38.50,0.00,0.00,,,,,2024-11-18,18/11/24,720.53,5.0,5.0,11,2024,2024-11,77297.45,,
,,KOR-24489,סופית,J1,J1580303KOR,GI24000992,מפריד שמן נשם סופרב 13+/אוקטביה CJS 1.8 +13,מפריד שמן,"ספק חו""ל",78,14.60,0.00,0.00,,,,,2024-11-18,18/11/24,1092.96,20.0,20.0,11,2024,2024-11,77297.45,,
,,KOR-24489,סופית,J1,J1781313KOR,GI24000992,מפריד שמן נשם פאסאט/A3/סופרב/אוקטביה/גולף/אלטאה/TSI 2.0 1.8,מפריד שמן,"ספק חו""ל",79,12.00,0.00,0.00,,,,,2024-11-18,18/11/24,898.32,20.0,20.0,11,2024,2024-11,77297.45,,
,,KOR-24489,סופית,J1,J1781313KOR,GI24000992,מפריד שמן נשם פאסאט/A3/סופרב/אוקטביה/גולף/אלטאה/TSI 2.0 1.8,מפריד שמן,"ספק חו""ל",164,12.00,0.00,0.00,,,,,2024-11-18,18/11/24,359.33,8.0,8.0,11,2024,2024-11,77297.45,,
,,KOR-24489,סופית,J2,J2781331KOR,GI24000992,סעפת יניקה פאסאט/ג'טה/גולף/איביזה/A3 לפי שילדה,סעפת יניקה,"ספק חו""ל",80,57.65,0.00,0.00,,,,,2024-11-18,18/11/24,1078.92,5.0,5.0,11,2024,2024-11,77297.45,,
,,KOR-24489,סופית,J3,J3240124KOR,GI24000992,טרמוסטט דסטר/דוקר/לודג'י/מגאן 13+/קליאו 13+/קפצ'ור/קשקאי,טרמוסטטים,"ספק חו""ל",81,18.20,0.00,0.00,,,,,2024-11-18,18/11/24,2043.68,30.0,30.0,11,2024,2024-11,77297.45,,
,,KOR-24489,סופית,J3,J3240127KOR,GI24000992,טרמוסטט דסטר 14+ 1.2/דסטר/קדג'אר/קשקאי,טרמוסטטים,"ספק חו""ל",82,21.00,0.00,0.00,,,,,2024-11-18,18/11/24,2358.09,30.0,30.0,11,2024,2024-11,77297.45,,
,,KOR-24489,סופית,J3,J3391225KOR,GI24000992,טרמוסטט אלנטרה/גטס/מנועי 16V כולל בית,טרמוסטטים,"ספק חו""ל",161,10.00,0.00,0.00,,,,,2024-11-18,18/11/24,1871.5,50.0,50.0,11,2024,2024-11,77297.45,,
,,KOR-24489,סופית,J3,J3487558KOR,GI24000992,טרמוסטט מרצדס CLA 11-18 W246 12-18 W176 13-19,טרמוסטטים,"ספק חו""ל",83,21.50,0.00,0.00,,,,,2024-11-18,18/11/24,804.75,10.0,10.0,11,2024,2024-11,77297.45,,
,,KOR-24489,סופית,J3,J3580110KOR,GI24000992,טרמוסטט אוקטביה 13+ 1.6 דיזל כולל בית,טרמוסטטים,"ספק חו""ל",84,20.00,0.00,0.00,,,,,2024-11-18,18/11/24,2245.8,30.0,30.0,11,2024,2024-11,77297.45,,
,,KOR-24489,סופית,J3,J3580159KOR,GI24000992,טרמוסטט אוקטביה 10+/רומסטר/גולף/פולו/פביה/קאדי/A3/ כולל בית,טרמוסטטים,"ספק חו""ל",85,15.50,0.00,0.00,,,,,2024-11-18,18/11/24,1160.33,20.0,20.0,11,2024,2024-11,77297.45,,
,,KOR-24489,סופית,J3,J3580186KOR,GI24000992,תרמוסטט אוקטביה מTSI 1.4 05/איביזה/לאון/A3/פולו,טרמוסטטים,"ספק חו""ל",160,11.50,0.00,0.00,,,,,2024-11-18,18/11/24,2152.23,50.0,50.0,11,2024,2024-11,77297.45,,
,,KOR-24489,סופית,J3,J3580558KOR,GI24000992,טרמוסטט פביה/רומסטר/פולו/איביזה 1.4,טרמוסטטים,"ספק חו""ל",165,8.15,0.00,0.00,,,,,2024-11-18,18/11/24,335.56,11.0,11.0,11,2024,2024-11,77297.45,,
,,KOR-24489,סופית,J3,J3610100KOR,GI24000992,טרמוסטט גולף/A3/פאסאט BLF BLP FSI 1.6 + בית,טרמוסטטים,"ספק חו""ל",86,11.00,0.00,0.00,,,,,2024-11-18,18/11/24,2058.65,50.0,50.0,11,2024,2024-11,77297.45,,
,,KOR-24489,סופית,J3,J3610161KOR,GI24000992,טרמוסטט איביזה 08+/רומסטר/פביה/פולו 07+ 1.4 1.6,טרמוסטטים,"ספק חו""ל",87,11.50,0.00,0.00,,,,,2024-11-18,18/11/24,2152.23,50.0,50.0,11,2024,2024-11,77297.45,,
,,KOR-24489,סופית,J3,J3610169KOR,GI24000992,טרמוסטט גולף 08+/ג'טה 08+/אוקטביה 1.4 TSI +08,טרמוסטטים,"ספק חו""ל",88,11.00,0.00,0.00,,,,,2024-11-18,18/11/24,2058.65,50.0,50.0,11,2024,2024-11,77297.45,,
,,KOR-24489,סופית,J3,J3640660KOR,GI24000992,טרמוסטט C4/פיקסו 14+ 1.6 כולל בית,טרמוסטטים,"ספק חו""ל",89,22.60,0.00,0.00,,,,,2024-11-18,18/11/24,845.92,10.0,10.0,11,2024,2024-11,77297.45,,
,,KOR-24489,סופית,J3,J3640662KOR,GI24000992,טרמוסטט 14 C4+/קרוסלנד/5008/2008/3008/308/208 מנועי 1.2,טרמוסטטים,"ספק חו""ל",90,21.00,0.00,0.00,,,,,2024-11-18,18/11/24,786.03,10.0,10.0,11,2024,2024-11,77297.45,,
,,KOR-24489,סופית,J3,J3640668KOR,GI24000992,טרמוסטט C3/C4 חשמלי לפי שילדה,טרמוסטטים,"ספק חו""ל",162,22.00,0.00,0.00,,,,,2024-11-18,18/11/24,1646.92,20.0,20.0,11,2024,2024-11,77297.45,,
,,KOR-24489,סופית,J3,J3640671KOR,GI24000992,טרמוסטט 1.6 1.4 5008/308/207/C3/C4,טרמוסטטים,"ספק חו""ל",91,24.00,0.00,0.00,,,,,2024-11-18,18/11/24,898.32,10.0,10.0,11,2024,2024-11,77297.45,,
,,KOR-24489,סופית,J3,J3640671KOR,GI24000992,טרמוסטט 1.6 1.4 5008/308/207/C3/C4,טרמוסטטים,"ספק חו""ל",166,24.00,0.00,0.00,,,,,2024-11-18,18/11/24,898.32,10.0,10.0,11,2024,2024-11,77297.45,,
,,KOR-24489,סופית,J3,J36406G3KOR,GI24000992,טרמוסטט 10 C3/+10 C4+,טרמוסטטים,"ספק חו""ל",92,23.00,0.00,0.00,,,,,2024-11-18,18/11/24,1721.78,20.0,20.0,11,2024,2024-11,77297.45,,
,,KOR-24489,סופית,J3,J3641226KOR,GI24000992,טרמוסטט ברלינגו C4/301/+10 C4/+10 C3/+11 פיקסו 11+ כולל בית,טרמוסטטים,"ספק חו""ל",93,10.20,0.00,0.00,,,,,2024-11-18,18/11/24,1527.14,40.0,40.0,11,2024,2024-11,77297.45,,
,,KOR-24489,סופית,J3,J3761752KOR,GI24000992,טרמוסטט C5/C4/508/308/ כולל בית,טרמוסטטים,"ספק חו""ל",94,21.50,0.00,0.00,,,,,2024-11-18,18/11/24,804.75,10.0,10.0,11,2024,2024-11,77297.45,,
,,KOR-24489,סופית,J3,J3821212KOR,GI24000992,טרמוסטט תח פוקוס 06+/פיאסטה 09+,טרמוסטטים,"ספק חו""ל",167,6.00,0.00,0.00,,,,,2024-11-18,18/11/24,224.58,10.0,10.0,11,2024,2024-11,77297.45,,
,,KOR-24489,סופית,J3,J3942002KOR,GI24000992,טרמוסטט קפצ'ור 13+/מגאן 10-17 1.2,טרמוסטטים,"ספק חו""ל",95,21.00,0.00,0.00,,,,,2024-11-18,18/11/24,2358.09,30.0,30.0,11,2024,2024-11,77297.45,,
,,KOR-24489,סופית,J3,J3960208KOR,GI24000992,טרמוסטט אסטרה/קורסה/אינסגניה/מריבה/מוקה 12+ בית,טרמוסטטים,"ספק חו""ל",96,6.20,0.00,0.00,,,,,2024-11-18,18/11/24,1160.33,50.0,50.0,11,2024,2024-11,77297.45,,
,,KOR-24489,סופית,J3,J3962495KOR,GI24000992,טרמוסטט סוניק 11+/קרוז 12+ 1.4 טורבו/קורסה 10+ 1.2 1.4,טרמוסטטים,"ספק חו""ל",97,10.30,0.00,0.00,,,,,2024-11-18,18/11/24,1156.59,30.0,30.0,11,2024,2024-11,77297.45,,
,,KOR-24489,סופית,J3,J3962828KOR,GI24000992,טרמוסטט ספארק 10+ 1.2 מושלם 3 ברגים + יוניט חום,טרמוסטטים,"ספק חו""ל",98,9.35,0.00,0.00,,,,,2024-11-18,18/11/24,174.99,5.0,5.0,11,2024,2024-11,77297.45,,
,,KOR-24489,סופית,L1,L1780754KOR,GI24000992,משאבת מיכל מתיז VW/סקודה/אאודי/סיאט/ב.מ.וו,מנוע מתיז,"ספק חו""ל",99,1.95,0.00,0.00,,,,,2024-11-18,18/11/24,729.89,100.0,100.0,11,2024,2024-11,77297.45,,
,,KOR-24489,סופית,Q5,Q5963333KOR,GI24000992,צינור מסנן אויר קרוז,צינור אויר,"ספק חו""ל",100,4.50,0.00,0.00,,,,,2024-11-18,18/11/24,336.87,20.0,20.0,11,2024,2024-11,77297.45,,
,,KOR-24489,סופית,R1,R1480808KOR,GI24000992,צינור רדיאטור ספרינטר 06+,צינור רדיאטור,"ספק חו""ל",101,17.00,0.00,0.00,,,,,2024-11-18,18/11/24,636.31,10.0,10.0,11,2024,2024-11,77297.45,,
,,KOR-24489,סופית,V6,V6485959KOR,GI24000992,צינור טורבו ספרינטר/קרפטר 11-16,צינור טורבו,"ספק חו""ל",102,17.80,0.00,0.00,,,,,2024-11-18,18/11/24,666.25,10.0,10.0,11,2024,2024-11,77297.45,,
,,KOR-24489,סופית,V6,V6943434KOR,GI24000992,צינור טורבו קדג'אר 15+/אקסטרייל 15+ קאשקאי DCI 1.6 מ-14,צינור טורבו,"ספק חו""ל",103,20.50,0.00,0.00,,,,,2024-11-18,18/11/24,767.32,10.0,10.0,11,2024,2024-11,77297.45,,
,,KOR-24489,סופית,X2,X2041111KOR,GI24000992,פלנץ' מים קורסה 10+ 1.4/סוניק/16 שסתומים (3 ברגים + יוניט),פלנץ מים,"ספק חו""ל",104,6.00,0.00,0.00,,,,,2024-11-18,18/11/24,673.74,30.0,30.0,11,2024,2024-11,77297.45,,
,,KOR-24489,סופית,X4,X4580100KOR,GI24000992,מ.סחרור אוקטביה 13+ 2.0,משאבת סחרור/עזר,"ספק חו""ל",105,19.35,0.00,0.00,,,,,2024-11-18,18/11/24,1448.54,20.0,20.0,11,2024,2024-11,77297.45,,
,,KOR-24489,סופית,X4,X4580152KOR,GI24000992,מ.סחרור אוקטביה 13+ 1.8/פאסאט 13+ 1.8,משאבת סחרור/עזר,"ספק חו""ל",106,21.00,0.00,0.00,,,,,2024-11-18,18/11/24,1572.06,20.0,20.0,11,2024,2024-11,77297.45,,
,,KOR-24489,סופית,X4,X4580154KOR,GI24000992,מ.סחרור אוקטביה 09+ 1.8/גולף A3/1.8/טיגואן/לאון/סופרב,משאבת סחרור/עזר,"ספק חו""ל",107,13.00,0.00,0.00,,,,,2024-11-18,18/11/24,973.18,20.0,20.0,11,2024,2024-11,77297.45,,
,,KOR-24489,סופית,X4,X4780606KOR,GI24000992,מ.סחרור ג'טה 10+/לאון A3/+05 03+/אוקטביה 10+,משאבת סחרור/עזר,"ספק חו""ל",108,17.50,0.00,0.00,,,,,2024-11-18,18/11/24,1310.05,20.0,20.0,11,2024,2024-11,77297.45,,
,,KOR-24489,סופית,X5,X5020400KOR,GI24000992,קיט שרשרת A3/איביזה/אוקטביה/פביה/רפיד/רומסטר TFSI 1.6 1.4,קיט שרשרת,"ספק חו""ל",109,23.50,0.00,0.00,,,,,2024-11-18,18/11/24,439.8,5.0,5.0,11,2024,2024-11,77297.45,,
,,KOR-24489,סופית,Y1,Y1310909KOR,GI24000992,רדיאטור סיוויק 06+ 1.8,רדיאטור,"ספק חו""ל",153,25.00,0.00,0.00,,,,,2024-11-18,18/11/24,2807.25,30.0,30.0,11,2024,2024-11,77297.45,,
,,KOR-24489,סופית,Y1,Y1310995KOR,GI24000992,רדיאטור סיוויק 12+ 4 דלתות 5 דלתות,רדיאטור,"ספק חו""ל",110,38.00,0.00,0.00,,,,,2024-11-18,18/11/24,4267.02,30.0,30.0,11,2024,2024-11,77297.45,,
,,KOR-24489,סופית,Y1,Y1371001KOR,GI24000992,רדיאטור לנדקרוזר 03+ 3.0 דיזל,רדיאטור,"ספק חו""ל",147,58.60,0.00,0.00,,,,,2024-11-18,18/11/24,6580.19,30.0,30.0,11,2024,2024-11,77297.45,,
,,KOR-24489,סופית,Y1,Y1371515KOR,GI24000992,רדיאטור קורולה 08+/אבנסיס 09+,רדיאטור,"ספק חו""ל",111,28.50,0.00,0.00,,,,,2024-11-18,18/11/24,5333.78,50.0,50.0,11,2024,2024-11,77297.45,,
,,KOR-24489,סופית,Y1,Y1391716KOR,GI24000992,רדיאטור טוסון 15+/ספורטאז' 15+ מנועי 2.0,רדיאטור,"ספק חו""ל",112,43.96,0.00,0.00,,,,,2024-11-18,18/11/24,4936.27,30.0,30.0,11,2024,2024-11,77297.45,,
,,KOR-24489,סופית,Y1,Y1391717KOR,GI24000992,רדיאטור טוסון 15+/ספורטאז' 15+ מנועי 1.6,רדיאטור,"ספק חו""ל",113,35.85,0.00,0.00,,,,,2024-11-18,18/11/24,3891.41,29.0,29.0,11,2024,2024-11,77297.45,,
,,KOR-24489,סופית,Y1,Y1451111KOR,GI24000992,רדיאטור מזדה 2 עד 14,רדיאטור,"ספק חו""ל",148,34.20,0.00,0.00,,,,,2024-11-18,18/11/24,6400.53,50.0,50.0,11,2024,2024-11,77297.45,,
,,KOR-24489,סופית,Y1,Y1451225KOR,GI24000992,רדיאטור מזדה 3 עד 08/פוקוס 06+,רדיאטור,"ספק חו""ל",114,23.00,0.00,0.00,,,,,2024-11-18,18/11/24,4304.45,50.0,50.0,11,2024,2024-11,77297.45,,
,,KOR-24489,סופית,Y1,Y1451228KOR,GI24000992,רדיאטור מזדה 3 09+ 2.0,רדיאטור,"ספק חו""ל",115,34.30,0.00,0.00,,,,,2024-11-18,18/11/24,3851.55,30.0,30.0,11,2024,2024-11,77297.45,,
,,KOR-24489,סופית,Y1,Y1451254KOR,GI24000992,רדיאטור מזדה 3 09+ 1.6,רדיאטור,"ספק חו""ל",116,30.00,0.00,0.00,,,,,2024-11-18,18/11/24,5614.5,50.0,50.0,11,2024,2024-11,77297.45,,
,,KOR-24489,סופית,Y1,Y1451414KOR,GI24000992,רדיאטור מזדה 5 עד 11,רדיאטור,"ספק חו""ל",149,28.89,0.00,0.00,,,,,2024-11-18,18/11/24,3244.06,30.0,30.0,11,2024,2024-11,77297.45,,
,,KOR-24489,סופית,Y1,Y1451515KOR,GI24000992,רדיאטור מזדה 6 13+ 2.0 2.5,רדיאטור,"ספק חו""ל",150,36.67,0.00,0.00,,,,,2024-11-18,18/11/24,4117.67,30.0,30.0,11,2024,2024-11,77297.45,,
,,KOR-24489,סופית,Y1,Y1451558KOR,GI24000992,רדיאטור מזדה 6 עד 07/מזדה 6 08+ 2.5,רדיאטור,"ספק חו""ל",151,35.80,0.00,0.00,,,,,2024-11-18,18/11/24,4019.98,30.0,30.0,11,2024,2024-11,77297.45,,
,,KOR-24489,סופית,Y1,Y1480887KOR,GI24000992,רדיאטור מרצדס ספרינטר 07+/קראפטר 07+,רדיאטור,"ספק חו""ל",152,42.00,0.00,0.00,,,,,2024-11-18,18/11/24,1572.06,10.0,10.0,11,2024,2024-11,77297.45,,
,,KOR-24489,סופית,Y1,Y1490303KOR,GI24000992,רדיאטור אאוטלנדר 13+,רדיאטור,"ספק חו""ל",145,36.00,0.00,0.00,,,,,2024-11-18,18/11/24,4042.44,30.0,30.0,11,2024,2024-11,77297.45,,
,,KOR-24489,סופית,Y1,Y1491011KOR,GI24000992,רדיאטור לנסר 08+ 1.5 1.8/אאוטלנדר 07-12,רדיאטור,"ספק חו""ל",117,30.56,0.00,0.00,,,,,2024-11-18,18/11/24,3431.58,30.0,30.0,11,2024,2024-11,77297.45,,
,,KOR-24489,סופית,Y1,Y1580174KOR,GI24000992,רדיאטור אוקטביה מ13 1.8/לאון/אטקה/קודיאק/קארוק/Q3,רדיאטור,"ספק חו""ל",155,39.00,0.00,0.00,,,,,2024-11-18,18/11/24,1459.77,10.0,10.0,11,2024,2024-11,77297.45,,
,,KOR-24489,סופית,Y1,Y1610101KOR,GI24000992,רדיאטור איביזה 09+/רומסטר/פולו/רפיד/פביה/A1,רדיאטור,"ספק חו""ל",154,22.00,0.00,0.00,,,,,2024-11-18,18/11/24,823.46,10.0,10.0,11,2024,2024-11,77297.45,,
,,KOR-24489,סופית,Y1,Y1781414KOR,GI24000992,רדיאטור פולו 10+/איביזה 15 A1/+10+,רדיאטור,"ספק חו""ל",118,21.08,0.00,0.00,,,,,2024-11-18,18/11/24,0.0,0.0,0.0,11,2024,2024-11,77297.45,,
,,KOR-24489,סופית,Y1,Y1781414KOR,GI24000992,רדיאטור פולו 10+/איביזה 15 A1/+10+,רדיאטור,"ספק חו""ל",146,21.08,0.00,0.00,,,,,2024-11-18,18/11/24,789.02,10.0,10.0,11,2024,2024-11,77297.45,,
,,KOR-24489,סופית,Y1,Y1800707KOR,GI24000992,רדיאטור גרנד פונטו 07+/פיורינו 08+/איבו 09+ מנועי 1.2 1.4,רדיאטור,"ספק חו""ל",156,31.86,0.00,0.00,,,,,2024-11-18,18/11/24,3577.56,30.0,30.0,11,2024,2024-11,77297.45,,
,,KOR-24489,סופית,Y1,Y1963333KOR,GI24000992,"רדיאטור קרוז 11+/אסטרה 11+/אורלנדו 1.4 בנזין/ אורך 67 ס""מ",רדיאטור,"ספק חו""ל",157,26.60,0.00,0.00,,,,,2024-11-18,18/11/24,2986.91,30.0,30.0,11,2024,2024-11,77297.45,,
,,KOR-24489,סופית,Y2,Y2580152KOR,GI24000992,צינור חימום אוקטביה 05+/גולף/ג'טה/פאסאט/קאדי פלסטיק דיזל,צינור חימום,"ספק חו""ל",119,5.30,0.00,0.00,,,,,2024-11-18,18/11/24,595.14,30.0,30.0,11,2024,2024-11,77297.45,,
,,KOR-24489,סופית,Y2,Y2960296KOR,GI24000992,צינור חימום אוואו/קרוז/סוניק מהפלנץ' למיכל פלסטיק דק,צינור חימום,"ספק חו""ל",120,1.60,0.00,0.00,,,,,2024-11-18,18/11/24,179.66,30.0,30.0,11,2024,2024-11,77297.45,,
,,KOR-24489,סופית,Y2,Y2963333KOR,GI24000992,צינור חימום קרוז 10+/אסטרה 10+ (חיבור מהיר מהפלאנץ' למיכל),צינור חימום,"ספק חו""ל",121,3.20,0.00,0.00,,,,,2024-11-18,18/11/24,718.66,60.0,60.0,11,2024,2024-11,77297.45,,
260011,אמיר הובלות 24,999200846,סופית,99,140090,GI24000953,הובלות,קניות שונות,ספק מקומי,1,2840.00,0.00,0.00,,,,,2024-10-31,31/10/24,2840.0,1.0,1.0,10,2024,2024-10,3322.80,,
260015,אמנה הובלות,002524,סופית,99,140090,GI24000940,הובלות,קניות שונות,ספק מקומי,1,2220.00,0.00,0.00,,,,,2024-10-31,31/10/24,2220.0,1.0,1.0,10,2024,2024-10,2597.40,,
260030,פזומט מקבוצת פז,1195801,סופית,0,142010,GI24000932,באחזקת רכב 53-643-502 רנו גרנד קופה,משפחת מוצר כללית,ספק מקומי,3,1599.75,0.00,0.00,,,,,2024-10-31,31/10/24,1599.75,1.0,1.0,10,2024,2024-10,21167.88,,
,,1195801,סופית,0,142015,GI24000932,אחזקת רכב 155-06-701 טוסון,משפחת מוצר כללית,ספק מקומי,5,1431.23,0.00,0.00,,,,,2024-10-31,31/10/24,1431.23,1.0,1.0,10,2024,2024-10,21167.88,,
,,1195801,סופית,99,142001,GI24000932,אחזקת רכב 56-246-64 סיטורואן ג'מפי 2014,קניות שונות,ספק מקומי,1,3662.00,0.00,0.00,,,,,2024-10-31,31/10/24,3662.0,1.0,1.0,10,2024,2024-10,21167.88,,
,,1195801,סופית,99,142003,GI24000932,אחזקת רכב 64-349-401 ברלינגו 2019,קניות שונות,ספק מקומי,2,1955.89,0.00,0.00,,,,,2024-10-31,31/10/24,1955.89,1.0,1.0,10,2024,2024-10,21167.88,,
,,1195801,סופית,99,142014,GI24000932,אחזקת רכב 33-500-75 קאדילק,קניות שונות,ספק מקומי,4,1731.61,0.00,0.00,,,,,2024-10-31,31/10/24,1731.61,1.0,1.0,10,2024,2024-10,21167.88,,
,,1195801,סופית,99,142019,GI24000932,אחזקת רכב 4248664,קניות שונות,ספק מקומי,6,1371.40,0.00,0.00,,,,,2024-10-31,31/10/24,1371.4,1.0,1.0,10,2024,2024-10,21167.88,,
,,1195801,סופית,99,142021,GI24000932,אחזקת רכב 30-690-12,קניות שונות,ספק מקומי,7,2119.62,0.00,0.00,,,,,2024-10-31,31/10/24,2119.62,1.0,1.0,10,2024,2024-10,21167.88,,
,,1195801,סופית,99,142022,GI24000932,אחזקת רכב 647-49-603 עידן,קניות שונות,ספק מקומי,8,1647.48,0.00,0.00,,,,,2024-10-31,31/10/24,1647.48,1.0,1.0,10,2024,2024-10,21167.88,,
,,1195801,סופית,99,142024,GI24000932,אחזקת רכב 703-19-002 יצחק כהן,קניות שונות,ספק מקומי,9,817.66,0.00,0.00,,,,,2024-10-31,31/10/24,817.67,1.0,1.0,10,2024,2024-10,21167.88,,
,,1195801,סופית,99,142099,GI24000932,הוצאות רכב שונות,קניות שונות,ספק מקומי,10,1755.56,0.00,0.00,,,,,2024-10-31,31/10/24,1755.56,1.0,1.0,10,2024,2024-10,21167.88,,
260051,"איתוראן בע""מ",65174883,סופית,99,142001,GI24000964,אחזקת רכב 56-246-64 סיטורואן ג'מפי 2014,קניות שונות,ספק מקומי,2,46.00,0.00,0.00,,,,,2024-10-28,28/10/24,46.0,1.0,1.0,10,2024,2024-10,161.46,,
,,65174883,סופית,99,142004,GI24000964,אחזקת רכב 27-795-501 סיטורואן ברלינגו 2017,קניות שונות,ספק מקומי,1,46.00,0.00,0.00,,,,,2024-10-28,28/10/24,46.0,1.0,1.0,10,2024,2024-10,161.46,,
,,65174883,סופית,99,142005,GI24000964,אחזקת רכב 69-543-34 סיטרואן ג'מפי 2015,קניות שונות,ספק מקומי,3,46.00,0.00,0.00,,,,,2024-10-28,28/10/24,46.0,1.0,1.0,10,2024,2024-10,161.46,,
260062,"אווז 6 אסלי בע""מ",02189,סופית,99,140008,GI24000941,ארוחות מכירות ושיווק,קניות שונות,ספק מקומי,1,5460.68,0.00,0.00,,,,,2024-10-30,30/10/24,5460.68,1.0,1.0,10,2024,2024-10,6389.00,,
260063,"ציוד בע""מ",440030604,סופית,99,142009,GI24000920,אחזקת מלגזה פלקסי 165-904,קניות שונות,ספק מקומי,1,2343.59,0.00,0.00,,,,,2024-10-15,15/10/24,2343.59,1.0,1.0,10,2024,2024-10,2742.00,,
260070,"מיקרוליין מערכות מחשבים בע""מ",35569,סופית,99,150030,GI24000914,"הוצאות הנה""ח",קניות שונות,ספק מקומי,1,1750.43,0.00,0.00,,,,,2024-10-10,10/10/24,1750.43,1.0,1.0,10,2024,2024-10,2048.00,,
,,35570,סופית,99,150030,GI24000915,"הוצאות הנה""ח",קניות שונות,ספק מקומי,1,689.74,0.00,0.00,,,,,2024-10-10,10/10/24,689.74,1.0,1.0,10,2024,2024-10,807.00,,
,,35571,סופית,99,150030,GI24000916,"הוצאות הנה""ח",קניות שונות,ספק מקומי,1,98.29,0.00,0.00,,,,,2024-10-10,10/10/24,98.29,1.0,1.0,10,2024,2024-10,115.00,,
,,35799,סופית,99,150030,GI24000969,"הוצאות הנה""ח",קניות שונות,ספק מקומי,1,1750.43,0.00,0.00,,,,,2024-11-10,10/11/24,1750.43,1.0,1.0,11,2024,2024-11,2048.00,,
,,35800,סופית,99,150030,GI24000970,"הוצאות הנה""ח",קניות שונות,ספק מקומי,1,689.74,0.00,0.00,,,,,2024-11-10,10/11/24,689.74,1.0,1.0,11,2024,2024-11,807.00,,
,,35801,סופית,99,150030,GI24000971,"הוצאות הנה""ח",קניות שונות,ספק מקומי,1,98.29,0.00,0.00,,,,,2024-11-10,10/11/24,98.29,1.0,1.0,11,2024,2024-11,115.00,,
260076,"הובלות סלטאן ע.מ.ד בע""מ",1164,סופית,99,140090,GI24000961,הובלות,קניות שונות,ספק מקומי,1,9705.98,0.00,0.00,,,,,2024-10-31,31/10/24,9705.98,1.0,1.0,10,2024,2024-10,11356.00,,
260080,"וואן ליס בע""מ",244010680,סופית,99,142006,GI24000936,אחזקת רכב 848-757-01 יונדאי איוניק,קניות שונות,ספק מקומי,1,649.56,0.00,0.00,,,,,2024-10-06,06/10/24,649.56,1.0,1.0,10,2024,2024-10,759.99,,
,,244011046,סופית,0,142010,GI24000935,באחזקת רכב 53-643-502 רנו גרנד קופה,משפחת מוצר כללית,ספק מקומי,1,484.69,0.00,0.00,,,,,2024-10-29,29/10/24,484.69,1.0,1.0,10,2024,2024-10,567.09,,
,,244011255,סופית,99,142006,GI24000972,אחזקת רכב 848-757-01 יונדאי איוניק,קניות שונות,ספק מקומי,1,147.02,0.00,0.00,,,,,2024-11-04,04/11/24,147.02,1.0,1.0,11,2024,2024-11,172.01,,
,,244011485,סופית,0,142010,GI24000993,באחזקת רכב 53-643-502 רנו גרנד קופה,משפחת מוצר כללית,ספק מקומי,1,50.00,0.00,0.00,,,,,2024-11-17,17/11/24,50.0,1.0,1.0,11,2024,2024-11,58.50,,
,,244011601,סופית,99,142006,GI24000997,אחזקת רכב 848-757-01 יונדאי איוניק,קניות שונות,ספק מקומי,1,322.82,0.00,0.00,,,,,2024-11-19,19/11/24,322.82,1.0,1.0,11,2024,2024-11,377.70,,
260087,מוסך חן,003558,סופית,99,142021,GI24000956,אחזקת רכב 30-690-12,קניות שונות,ספק מקומי,1,2000.00,0.00,0.00,,,,,2024-11-05,05/11/24,2000.0,1.0,1.0,11,2024,2024-11,2340.00,,
260105,"הובלות עם שחר ש.ה. בע""מ",104690,סופית,99,140090,GI24000977,הובלות,קניות שונות,ספק מקומי,1,7154.70,0.00,0.00,,,,,2024-10-31,31/10/24,7154.7,1.0,1.0,10,2024,2024-10,8371.00,,
260124,"א.ג.א.ס(3 קיי) בע""מ",246011242,סופית,99,140020,GI24000897,תקשורת,קניות שונות,ספק מקומי,1,10657.26,0.00,0.00,,,,,2024-10-07,07/10/24,10657.27,1.0,1.0,10,2024,2024-10,12469.00,,
,,246011243,סופית,99,140020,GI24000896,תקשורת,קניות שונות,ספק מקומי,1,1086.32,0.00,0.00,,,,,2024-10-07,07/10/24,1086.33,1.0,1.0,10,2024,2024-10,1271.00,,
,,246012296,סופית,99,140020,GI24000966,תקשורת,קניות שונות,ספק מקומי,1,10657.26,0.00,0.00,,,,,2024-11-06,06/11/24,10657.27,1.0,1.0,11,2024,2024-11,12469.00,,
,,246012297,סופית,99,140020,GI24000965,תקשורת,קניות שונות,ספק מקומי,1,1063.25,0.00,0.00,,,,,2024-11-06,06/11/24,1063.25,1.0,1.0,11,2024,2024-11,1244.00,,
260155,"א.מ. הובלות ומנופים בע""מ",8185,סופית,99,140090,GI24000930,הובלות,קניות שונות,ספק מקומי,1,5100.00,0.00,0.00,,,,,2024-10-31,31/10/24,5100.0,1.0,1.0,10,2024,2024-10,5967.00,,
260160,"פרפקט סטירין בע""מ",24000159,סופית,0,049919,CV24000029,הגה מח שונים,משפחת מוצר כללית,ספק מקומי,1,175.04,0.00,0.00,,,,,2024-10-09,09/10/24,-875.22,-5.0,-5.0,10,2024,2024-10,1024.00,,
,,244001349,סופית,0,049919,GI24000918,הגה מח שונים,משפחת מוצר כללית,ספק מקומי,1,175.00,0.00,0.00,,,,,2024-10-08,08/10/24,3500.0,20.0,20.0,10,2024,2024-10,4095.00,,
260182,"ליאור משלוחים בע""מ",001587,סופית,99,140090,GI24000978,הובלות,קניות שונות,ספק מקומי,1,2850.43,0.00,0.00,,,,,2024-10-31,31/10/24,2850.43,1.0,1.0,10,2024,2024-10,3335.00,,
260190,"טונר פלוס בע""מ",81728,סופית,99,140022,GI24000962,אחזקת ציוד לוד,קניות שונות,ספק מקומי,1,1150.43,0.00,0.00,,,,,2024-10-01,01/10/24,1150.43,1.0,1.0,10,2024,2024-10,1346.00,,
,,82780,סופית,99,140022,GI24000963,אחזקת ציוד לוד,קניות שונות,ספק מקומי,1,1150.43,0.00,0.00,,,,,2024-11-01,01/11/24,1150.43,1.0,1.0,11,2024,2024-11,1346.00,,
260213,יוסי בבקוב המוביל לדרום,000493,סופית,99,140090,GI24000952,הובלות,קניות שונות,ספק מקומי,1,3959.83,0.00,0.00,,,,,2024-10-31,31/10/24,3959.83,1.0,1.0,10,2024,2024-10,4633.00,,
260224,"חשבים מידע עסקי בע""מ",24605951,סופית,99,150030,GI24000984,"הוצאות הנה""ח",קניות שונות,ספק מקומי,1,1259.83,0.00,0.00,,,,,2024-10-31,31/10/24,1259.83,1.0,1.0,10,2024,2024-10,1474.00,,
,,829250,סופית,99,150030,GI24000975,"הוצאות הנה""ח",קניות שונות,ספק מקומי,1,149.57,0.00,0.00,,,,,2024-10-15,15/10/24,149.57,1.0,1.0,10,2024,2024-10,175.00,,
,,836097,סופית,99,150030,GI24000989,"הוצאות הנה""ח",קניות שונות,ספק מקומי,1,148.72,0.00,0.00,,,,,2024-11-14,14/11/24,148.72,1.0,1.0,11,2024,2024-11,174.00,,
260258,כביש 6,139187,סופית,0,142015,GI24001001,אחזקת רכב 155-06-701 טוסון,משפחת מוצר כללית,ספק מקומי,1,16.68,0.00,0.00,,,,,2024-11-20,20/11/24,16.68,1.0,1.0,11,2024,2024-11,2540.51,,
,,139187,סופית,99,142001,GI24001001,אחזקת רכב 56-246-64 סיטורואן ג'מפי 2014,קניות שונות,ספק מקומי,3,927.19,0.00,0.00,,,,,2024-11-20,20/11/24,927.19,1.0,1.0,11,2024,2024-11,2540.51,,
,,139187,סופית,99,142003,GI24001001,אחזקת רכב 64-349-401 ברלינגו 2019,קניות שונות,ספק מקומי,5,184.44,0.00,0.00,,,,,2024-11-20,20/11/24,184.44,1.0,1.0,11,2024,2024-11,2540.51,,
,,139187,סופית,99,142024,GI24001001,אחזקת רכב 703-19-002 יצחק כהן,קניות שונות,ספק מקומי,6,500.40,0.00,0.00,,,,,2024-11-20,20/11/24,500.4,1.0,1.0,11,2024,2024-11,2540.51,,
,,139187,סופית,99,142099,GI24001001,הוצאות רכב שונות,קניות שונות,ספק מקומי,2,16.68,0.00,0.00,,,,,2024-11-20,20/11/24,16.68,1.0,1.0,11,2024,2024-11,2540.51,,
,,139187,סופית,99,142099,GI24001001,הוצאות רכב שונות,קניות שונות,ספק מקומי,4,475.95,0.00,0.00,,,,,2024-11-20,20/11/24,475.95,1.0,1.0,11,2024,2024-11,2540.51,,
,,139187,סופית,99,142099,GI24001001,הוצאות רכב שונות,קניות שונות,ספק מקומי,7,50.04,0.00,0.00,,,,,2024-11-20,20/11/24,50.04,1.0,1.0,11,2024,2024-11,2540.51,,
,,316884,סופית,0,142015,GI24000921,אחזקת רכב 155-06-701 טוסון,משפחת מוצר כללית,ספק מקומי,1,48.96,0.00,0.00,,,,,2024-10-22,22/10/24,48.96,1.0,1.0,10,2024,2024-10,2537.37,,
,,316884,סופית,99,142001,GI24000921,אחזקת רכב 56-246-64 סיטורואן ג'מפי 2014,קניות שונות,ספק מקומי,3,931.44,0.00,0.00,,,,,2024-10-22,22/10/24,931.44,1.0,1.0,10,2024,2024-10,2537.37,,
,,316884,סופית,99,142012,GI24000921,אחזקת רכב 17-656-38 אאודי A-6,קניות שונות,ספק מקומי,2,16.14,0.00,0.00,,,,,2024-10-22,22/10/24,16.14,1.0,1.0,10,2024,2024-10,2537.37,,
,,316884,סופית,99,142024,GI24000921,אחזקת רכב 703-19-002 יצחק כהן,קניות שונות,ספק מקומי,4,108.66,0.00,0.00,,,,,2024-10-22,22/10/24,108.65,1.0,1.0,10,2024,2024-10,2537.37,,
,,316884,סופית,99,142099,GI24000921,הוצאות רכב שונות,קניות שונות,ספק מקומי,5,1063.50,0.00,0.00,,,,,2024-10-22,22/10/24,1063.5,1.0,1.0,10,2024,2024-10,2537.37,,
260323,מתי יהושוע,005022,סופית,99,140090,GI24000928,הובלות,קניות שונות,ספק מקומי,1,5000.00,0.00,0.00,,,,,2024-10-29,29/10/24,5000.0,1.0,1.0,10,2024,2024-10,5850.00,,
260326,"נטוויז'ן בע""מ",6196923,סופית,99,140020,GI24000933,תקשורת,קניות שונות,ספק מקומי,1,225.00,0.00,0.00,,,,,2024-10-31,31/10/24,225.0,1.0,1.0,10,2024,2024-10,263.25,,
260356,"סלקום ישראל בע""מ",351114635,סופית,99,140020,GI24000988,תקשורת,קניות שונות,ספק מקומי,1,549.00,0.00,0.00,,,,,2024-10-27,27/10/24,549.0,1.0,1.0,10,2024,2024-10,642.33,,
260357,סלקום קווי PRI,351109566,סופית,99,140020,GI24000987,תקשורת,קניות שונות,ספק מקומי,1,698.06,0.00,0.00,,,,,2024-10-27,27/10/24,698.06,1.0,1.0,10,2024,2024-10,816.73,,
260383,א.ע.נזמי הובלות והסעות,129803,סופית,99,140090,GI24000951,הובלות,קניות שונות,ספק מקומי,1,11088.89,0.00,0.00,,,,,2024-10-31,31/10/24,11088.89,1.0,1.0,10,2024,2024-10,12974.00,,
260700,"אילות השקעות 1994 בע""מ",001156,סופית,99,141028,GI24000883,שכר דירה שדרות שוורץ 10 לוד,קניות שונות,ספק מקומי,1,176749.06,0.00,0.00,,,,,2024-10-01,01/10/24,176749.06,1.0,1.0,10,2024,2024-10,206796.40,,
,,001189,סופית,99,141030,GI24000913,חשמל שדרות שוורץ 10 לוד,קניות שונות,ספק מקומי,1,8886.35,0.00,0.00,,,,,2024-10-14,14/10/24,8886.35,1.0,1.0,10,2024,2024-10,10397.03,,
,,001234,סופית,99,141028,GI24000957,שכר דירה שדרות שוורץ 10 לוד,קניות שונות,ספק מקומי,1,176424.16,0.00,0.00,,,,,2024-11-03,03/11/24,176424.16,1.0,1.0,11,2024,2024-11,206416.27,,
,,001276,סופית,99,141030,GI24000979,חשמל שדרות שוורץ 10 לוד,קניות שונות,ספק מקומי,1,5301.44,0.00,0.00,,,,,2024-11-11,11/11/24,5301.44,1.0,1.0,11,2024,2024-11,6202.68,,
260901,ספקים שונים,025090,סופית,99,140020,GI24000983,תקשורת,קניות שונות,ספק מקומי,1,153.85,0.00,0.00,,,,,2024-11-12,12/11/24,153.85,1.0,1.0,11,2024,2024-11,180.00,,
,,063152,סופית,99,150024,GI24000943,צרכי משרד,קניות שונות,ספק מקומי,1,252.31,0.00,0.00,,,,,2024-10-30,30/10/24,252.31,1.0,1.0,10,2024,2024-10,295.20,,
,,0666,סופית,99,120099,GI24000959,קניות מקומיות שונות,קניות שונות,ספק מקומי,1,384.62,0.00,0.00,,,,,2024-10-27,27/10/24,384.61,1.0,1.0,10,2024,2024-10,450.00,,
,,0673,סופית,99,120099,GI24000958,קניות מקומיות שונות,קניות שונות,ספק מקומי,1,384.62,0.00,0.00,,,,,2024-11-04,04/11/24,384.61,1.0,1.0,11,2024,2024-11,450.00,,
,,1038005,סופית,99,142099,GI24000999,הוצאות רכב שונות,קניות שונות,ספק מקומי,1,170.94,0.00,0.00,,,,,2024-11-23,23/11/24,170.94,1.0,1.0,11,2024,2024-11,200.00,,
,,10559033,סופית,99,140012,GI24000981,שתייה לעובדים - מכירות ושיווק,קניות שונות,ספק מקומי,1,58.97,0.00,0.00,,,,,2024-10-30,30/10/24,58.98,1.0,1.0,10,2024,2024-10,69.00,,
,,117649,סופית,99,142099,GI24000954,הוצאות רכב שונות,קניות שונות,ספק מקומי,1,2427.35,0.00,0.00,,,,,2024-10-31,31/10/24,2427.35,1.0,1.0,10,2024,2024-10,2840.00,,
,,12345,סופית,99,142022,GI24000924,אחזקת רכב 647-49-603 עידן,קניות שונות,ספק מקומי,1,42.74,0.00,0.00,,,,,2024-10-13,13/10/24,42.73,1.0,1.0,10,2024,2024-10,50.00,,
,,1644571,סופית,99,142099,GI24001000,הוצאות רכב שונות,קניות שונות,ספק מקומי,1,170.94,0.00,0.00,,,,,2024-11-21,21/11/24,170.94,1.0,1.0,11,2024,2024-11,200.00,,
,,1656198,סופית,99,130012,GI24000948,שתייה לעובדים עובדי ייצור,קניות שונות,ספק מקומי,1,30.38,0.00,0.00,,,,,2024-10-21,21/10/24,30.39,1.0,1.0,10,2024,2024-10,35.55,,
,,1663610,סופית,0,142015,GI24000942,אחזקת רכב 155-06-701 טוסון,משפחת מוצר כללית,ספק מקומי,1,282.22,0.00,0.00,,,,,2024-10-31,31/10/24,282.22,1.0,1.0,10,2024,2024-10,330.20,,
,,1671244,סופית,99,130012,GI24000980,שתייה לעובדים עובדי ייצור,קניות שונות,ספק מקומי,1,24.39,0.00,0.00,,,,,2024-11-10,10/11/24,24.39,1.0,1.0,11,2024,2024-11,28.54,,
,,244301341,סופית,99,142003,GI24000998,אחזקת רכב 64-349-401 ברלינגו 2019,קניות שונות,ספק מקומי,1,100.85,0.00,0.00,,,,,2024-11-14,14/11/24,100.86,1.0,1.0,11,2024,2024-11,118.00,,
,,277570,סופית,99,150024,GI24000944,צרכי משרד,קניות שונות,ספק מקומי,1,170.94,0.00,0.00,,,,,2024-10-30,30/10/24,170.94,1.0,1.0,10,2024,2024-10,200.00,,
,,35460,סופית,0,142015,GI24000917,אחזקת רכב 155-06-701 טוסון,משפחת מוצר כללית,ספק מקומי,1,162.39,0.00,0.00,,,,,2024-10-14,14/10/24,162.39,1.0,1.0,10,2024,2024-10,190.00,,
,,35485,סופית,99,142021,GI24000922,אחזקת רכב 30-690-12,קניות שונות,ספק מקומי,1,153.85,0.00,0.00,,,,,2024-10-23,23/10/24,153.85,1.0,1.0,10,2024,2024-10,180.00,,
,,35486,סופית,99,142021,GI24000923,אחזקת רכב 30-690-12,קניות שונות,ספק מקומי,1,34.19,0.00,0.00,,,,,2024-10-23,23/10/24,34.19,1.0,1.0,10,2024,2024-10,40.00,,
,,40005,סופית,99,140008,GI24000985,ארוחות מכירות ושיווק,קניות שונות,ספק מקומי,1,1080.00,0.00,0.00,,,,,2024-11-13,13/11/24,1080.0,1.0,1.0,11,2024,2024-11,1080.00,,
,,41084,סופית,99,120099,GI24000902,קניות מקומיות שונות,קניות שונות,ספק מקומי,1,38.46,0.00,0.00,,,,,2024-10-01,01/10/24,38.46,1.0,1.0,10,2024,2024-10,45.00,,
,,4752,סופית,0,142015,GI24000925,אחזקת רכב 155-06-701 טוסון,משפחת מוצר כללית,ספק מקומי,1,341.88,0.00,0.00,,,,,2024-10-27,27/10/24,341.88,1.0,1.0,10,2024,2024-10,400.00,,
,,48468,סופית,99,140012,GI24001003,שתייה לעובדים - מכירות ושיווק,קניות שונות,ספק מקומי,1,32.31,0.00,0.00,,,,,2024-11-24,24/11/24,32.31,1.0,1.0,11,2024,2024-11,37.80,,
,,504318,סופית,99,142099,GI24000990,הוצאות רכב שונות,קניות שונות,ספק מקומי,1,102.56,0.00,0.00,,,,,2024-11-15,15/11/24,102.56,1.0,1.0,11,2024,2024-11,120.00,,
,,5052162,סופית,99,130012,GI24000982,שתייה לעובדים עובדי ייצור,קניות שונות,ספק מקומי,1,165.04,0.00,0.00,,,,,2024-10-29,29/10/24,165.04,1.0,1.0,10,2024,2024-10,193.10,,
,,545397,סופית,0,142015,GI24000949,אחזקת רכב 155-06-701 טוסון,משפחת מוצר כללית,ספק מקומי,1,100.51,0.00,0.00,,,,,2024-10-20,20/10/24,100.51,1.0,1.0,10,2024,2024-10,117.60,,
,,6176,סופית,99,142099,GI24000994,הוצאות רכב שונות,קניות שונות,ספק מקומי,1,115.38,0.00,0.00,,,,,2024-11-14,14/11/24,115.39,1.0,1.0,11,2024,2024-11,135.00,,
,,770419862,סופית,99,140012,GI24000945,שתייה לעובדים - מכירות ושיווק,קניות שונות,ספק מקומי,1,215.90,0.00,0.00,,,,,2024-10-09,09/10/24,215.9,1.0,1.0,10,2024,2024-10,252.60,,
,,770420105,סופית,99,140012,GI24000947,שתייה לעובדים - מכירות ושיווק,קניות שונות,ספק מקומי,1,61.03,0.00,0.00,,,,,2024-10-09,09/10/24,61.02,1.0,1.0,10,2024,2024-10,71.40,,
,,770426389,סופית,99,130012,GI24000946,שתייה לעובדים עובדי ייצור,קניות שונות,ספק מקומי,1,17.01,0.00,0.00,,,,,2024-10-21,21/10/24,17.01,1.0,1.0,10,2024,2024-10,19.90,,
,,770443114,סופית,99,130012,GI24000991,שתייה לעובדים עובדי ייצור,קניות שונות,ספק מקומי,1,393.59,0.00,0.00,,,,,2024-11-18,18/11/24,393.59,1.0,1.0,11,2024,2024-11,460.50,,
,,770447818,סופית,99,140012,GI24001002,שתייה לעובדים - מכירות ושיווק,קניות שונות,ספק מקומי,1,18.32,0.00,0.00,,,,,2024-11-26,26/11/24,18.32,1.0,1.0,11,2024,2024-11,21.43,,
,,9931,סופית,99,142014,GI24000950,אחזקת רכב 33-500-75 קאדילק,קניות שונות,ספק מקומי,1,64.02,0.00,0.00,,,,,2024-10-22,22/10/24,64.02,1.0,1.0,10,2024,2024-10,74.90,,
261000,"אולקרגו לוגסטיק בע""מ",28244456,סופית,0,עמלות יבוא,GI24000926,עמלות מקומיות על יבוא,משפחת מוצר כללית,ספק מקומי,2,46299.84,0.00,0.00,,,,,2024-10-27,27/10/24,46299.84,1.0,1.0,10,2024,2024-10,87883.17,,
,,28244456,סופית,0,עמלות יבוא,GI24000926,עמלות מקומיות על יבוא,משפחת מוצר כללית,ספק מקומי,3,789.17,0.00,0.00,,,,,2024-10-27,27/10/24,789.17,1.0,1.0,10,2024,2024-10,87883.17,,
,,28244456,סופית,0,מע'מ,GI24000926,סכום המע'מ ברשומון של המכס,משפחת מוצר כללית,ספק מקומי,1,40660.00,0.00,0.00,,,,,2024-10-27,27/10/24,0.0,1.0,1.0,10,2024,2024-10,87883.17,,
,,28244581,סופית,0,עמלות יבוא,GI24000927,עמלות מקומיות על יבוא,משפחת מוצר כללית,ספק מקומי,2,51323.00,0.00,0.00,,,,,2024-10-28,28/10/24,51323.0,1.0,1.0,10,2024,2024-10,100612.13,,
,,28244581,סופית,0,עמלות יבוא,GI24000927,עמלות מקומיות על יבוא,משפחת מוצר כללית,ספק מקומי,3,1676.18,0.00,0.00,,,,,2024-10-28,28/10/24,1676.18,1.0,1.0,10,2024,2024-10,100612.13,,
,,28244581,סופית,0,מע'מ,GI24000927,סכום המע'מ ברשומון של המכס,משפחת מוצר כללית,ספק מקומי,1,47328.00,0.00,0.00,,,,,2024-10-28,28/10/24,0.0,1.0,1.0,10,2024,2024-10,100612.13,,
,,28244949,סופית,0,עמלות יבוא,GI24000934,עמלות מקומיות על יבוא,משפחת מוצר כללית,ספק מקומי,2,14952.25,0.00,0.00,,,,,2024-10-31,31/10/24,14952.25,1.0,1.0,10,2024,2024-10,51420.96,,
,,28244949,סופית,0,עמלות יבוא,GI24000934,עמלות מקומיות על יבוא,משפחת מוצר כללית,ספק מקומי,3,933.94,0.00,0.00,,,,,2024-10-31,31/10/24,933.94,1.0,1.0,10,2024,2024-10,51420.96,,
,,28244949,סופית,0,מע'מ,GI24000934,סכום המע'מ ברשומון של המכס,משפחת מוצר כללית,ספק מקומי,1,35376.00,0.00,0.00,,,,,2024-10-31,31/10/24,0.0,1.0,1.0,10,2024,2024-10,51420.96,,
,,28245789,סופית,0,עמלות יבוא,GI24000986,עמלות מקומיות על יבוא,משפחת מוצר כללית,ספק מקומי,2,74936.79,0.00,0.00,,,,,2024-11-13,13/11/24,74936.79,1.0,1.0,11,2024,2024-11,151143.03,,
,,28245789,סופית,0,עמלות יבוא,GI24000986,עמלות מקומיות על יבוא,משפחת מוצר כללית,ספק מקומי,3,1370.29,0.00,0.00,,,,,2024-11-13,13/11/24,1370.29,1.0,1.0,11,2024,2024-11,151143.03,,
,,28245789,סופית,0,מע'מ,GI24000986,סכום המע'מ ברשומון של המכס,משפחת מוצר כללית,ספק מקומי,1,74603.00,0.00,0.00,,,,,2024-11-13,13/11/24,0.0,1.0,1.0,11,2024,2024-11,151143.03,,
261030,בזק,221028550,סופית,99,140020,GI24000939,תקשורת,קניות שונות,ספק מקומי,1,140.85,0.00,0.00,,,,,2024-10-31,31/10/24,140.85,1.0,1.0,10,2024,2024-10,164.79,,
261112,מנהרות הכרמל,539478,סופית,99,142006,GI24000968,אחזקת רכב 848-757-01 יונדאי איוניק,קניות שונות,ספק מקומי,1,17.88,0.00,0.00,,,,,2024-11-03,03/11/24,17.88,1.0,1.0,11,2024,2024-11,20.92,,
261119,חוצה צפון-כביש 6,924003216379,סופית,0,142010,GI24000967,באחזקת רכב 53-643-502 רנו גרנד קופה,משפחת מוצר כללית,ספק מקומי,1,44.01,0.00,0.00,,,,,2024-10-30,30/10/24,44.01,1.0,1.0,10,2024,2024-10,229.42,,
,,924003216379,סופית,99,142001,GI24000967,אחזקת רכב 56-246-64 סיטורואן ג'מפי 2014,קניות שונות,ספק מקומי,2,98.05,0.00,0.00,,,,,2024-10-30,30/10/24,98.04,1.0,1.0,10,2024,2024-10,229.42,,
,,924003216379,סופית,99,142006,GI24000967,אחזקת רכב 848-757-01 יונדאי איוניק,קניות שונות,ספק מקומי,3,54.04,0.00,0.00,,,,,2024-10-30,30/10/24,54.03,1.0,1.0,10,2024,2024-10,229.42,,
261120,תיר השכרת רכב,2022894,סופית,99,142022,GI24000929,אחזקת רכב 647-49-603 עידן,קניות שונות,ספק מקומי,1,3358.33,0.00,0.00,,,,,2024-10-30,30/10/24,3358.33,1.0,1.0,10,2024,2024-10,6951.63,,
,,2022894,סופית,99,142023,GI24000929,אחזקת רכב 541-96-503 ויקטוריה,קניות שונות,ספק מקומי,2,2583.23,0.00,0.00,,,,,2024-10-30,30/10/24,2583.23,1.0,1.0,10,2024,2024-10,6951.63,,
